site,plot,_TYPE_,_FREQ_,aspect,SlopeDeg,PlotYOD,avgdbh,avgheight,avgscorch,OL,Litter,Ashdepth,PCntcover,PercentGravimetricSoilmoisture,DOC_fum,TDN_fum,DOC,TDN,MicrobialBiomassC,MicrobialBiomassTDN,MONTH,EFFLUX,RHcmbr,Tsoil_C,Tair,Status,BB,BURN,YOD,SampleDate,SAMPLEIDPLOT,GalleryNumber,pH,BG_4C,CB_4C,NAG_4C,PHOS_4C,XYL_4C,AG_4C,LAP_4C,BG_15C,CB_15C,NAG_15C,PHOS_15C,XYL_15C,AG_15C,LAP_15C,BG_25C,CB_25C,NAG_25C,PHOS_25C,XYL_25C,AG_25C,LAP_25C,BG_35C,CB_35C,NAG_35C,PHOS_35C,XYL_35C,AG_35C,LAP_35C,plot1,merger
FEF,101,7,12,,,,,,,,,,,,,,,,,,7,1.9258462216,34.792688231,11.198376466,32.100220841,,,,,,,,,,,,,,,,,,,,,,,,,,,,,,,,,,,,,101,101
FEF,101,7,15,,,,,,,,,,,,,,,,,,8,3.3742672501,77.70421415,10.936718953,24.139147569,UBB,YES,UNBUR,2007,08/26/2013,FEF101,57,4.78,75.93225947,33.6874946,24.45583101,140.0737141,11.46667625,6.436680095,1.351074888,147.5557422,48.29212747,50.57755221,315.724913,38.23625859,36.48409962,3.106993916,639.8928666,223.7932014,228.2116893,1254.215038,155.5351824,73.41225326,11.64186647,822.2697612,300.7358345,268.4351648,1535.322281,150.3548863,103.4274982,18.79898,101,101
FEF,101,,,,,,,,,,,,,,,,,,,,9,,,,,UBB,YES,UNBUR,2007,09/22/2012,FEF101,128,4.63,6.451002003,0.701782333,3.877828852,22.64637295,0.93471068,0.230444972,1.128791894,39.84436275,6.963142779,28.4375,191.9889706,5.143018326,8.767710613,2.383050213,142.0441176,6.322210066,32.43627451,582.8970588,38.55552516,37.74658096,4.581417896,168.2990196,12.35817834,41.6127451,645.8578431,0.286241794,36.37759847,6.183550126,101,101
FEF,102,7,12,,,,,,,,,,,,,,,,,,7,2.2852481981,39.181243026,11.157345264,34.678174177,,,,,,,,,,,,,,,,,,,,,,,,,,,,,,,,,,,,,102,102
FEF,102,7,9,,,,,,,,,,,,,,,,,,8,2.9517684581,73.532889453,12.289601474,26.262883716,UBB,YES,UNBUR,2007,08/26/2013,FEF102,58,5.11,117.49755,76.75214614,49.82119889,146.8384548,13.06605278,3.99047826,4.131289582,143.0000471,28.51898564,49.90583309,258.6845889,2.366477273,15.25442407,6.477855172,625.5550609,186.7862094,171.1409658,881.19433,8.833161157,66.72959711,25.94252554,729.0543648,293.6953741,251.7741444,897.0401537,26.67665289,30.85278926,35.51556239,102,102
FEF,102,,,,,,,,,,,,,,,,,,,,9,,,,,UBB,YES,UNBUR,2007,09/22/2012,FEF102,129,4.03,37.83353015,21.63393906,13.8763131,44.31336659,1.360391403,2.060769764,0.983437066,149.8816126,53.27894505,61.03691505,206.1003268,29.2611201,23.09725352,1.457967778,620.0027557,141.1340866,185.9815297,730.1021656,89.91022988,121.154657,7.031595063,253.3580356,422.9382517,5.244693493,1880.193718,165.42341,13.81290224,83.42434004,102,102
FEF,103,7,12,,,,,,,,,,,,,,,,,,7,2.5252924456,39.777246153,11.029942322,35.668528873,,,,,,,,,,,,,,,,,,,,,,,,,,,,,,,,,,,,,103,103
FEF,103,7,12,,,,,,,,,,,,,,,,,,8,3.7622061607,73.043763011,11.119768142,26.654955229,UBB,YES,UNBUR,2006,08/26/2013,FEF103,59,4.83,55.3387969,20.36027239,17.4851889,87.12388955,10.17312533,4.064816441,0.642862972,124.5101351,35.93116554,36.58445946,178.3108108,31.43496622,21.67398649,1.697937523,586.5810811,185.3817568,191.9915541,863.2702703,177.3885135,1.245433483,7.73050573,750.1351351,243.1790541,205.3648649,891.2466216,123.8952703,77.16554054,11.28015629,103,103
FEF,103,,,,,,,,,,,,,,,,,,,,9,,,,,UBB,YES,UNBUR,2006,09/22/2012,FEF103,130,4.93,45.66975235,27.57451259,24.57014013,60.93578625,7.64798573,4.723234451,3.107269813,312.8232501,142.3415842,162.494369,595.5069068,50.89151493,28.34218277,4.508189201,1128.851216,496.8163117,659.7815335,2077.448242,197.2478894,66.96285912,13.25565144,1361.316312,642.7878339,799.2170174,2011.652123,222.5205708,121.8655809,20.22547784,103,103
FEF,104,7,9,,,,,,,,,,,,,,,,,,7,2.2013259929,23.58213451,11.871231587,35.391100989,,,,,,,,,,,,,,,,,,,,,,,,,,,,,,,,,,,,,104,104
FEF,104,7,12,,,,,,,,,,,,,,,,,,8,3.6379987824,79.006090316,11.432426643,29.240010898,UBB,YES,UNBUR,2006,08/26/2013,FEF104,60,4.77,34.5709519,12.95685755,12.25513603,55.34940839,3.88804424,0.673710234,2.081118629,279.8641739,76.06658078,113.8148044,631.8717114,49.37880073,30.75444085,4.257087102,1187.389227,384.4723787,575.4255857,2611.403501,336.8054346,164.4052298,18.45319767,1601.549321,572.5712777,615.9567597,2778.951383,268.302042,21.30613463,27.60414513,104,104
FEF,104,,,,,,,,,,,,,,,,,,,,9,,,,,UBB,YES,UNBUR,2006,09/22/2012,FEF104,131,4.15,63.62414082,27.10093965,24.24517108,94.18414707,9.835028497,10.64471001,1.249479294,126.5632184,40.6491347,47.09687783,214.4869882,35.08062928,30.5588354,1.959899161,454.6709286,191.9044621,317.8447953,592.5019049,239.9694563,229.4186039,22.71311059,573.0749387,260.2337918,374.4509557,671.0471394,276.8137027,187.3826682,26.35605439,104,104
FEF,105,7,12,,,,,,,,,,,,,,,,,,7,3.6566752965,19.103257283,12.593983524,34.670149803,,,,,,,,,,,,,,,,,,,,,,,,,,,,,,,,,,,,,105,105
FEF,105,7,12,,,,,,,,,,,,,,,,,,8,5.0242540591,70.055620308,12.107050197,27.284684498,UBB,YES,UNBUR,2009.6666667,08/26/2013,FEF105,61,5.17,23.10660177,9.605825889,7.155786047,46.20649063,2.86745556,0.278372627,3.129370932,57.55208333,16.33463542,18.85677083,178.2591146,13.13541667,6.556734682,5.910857467,288.3020833,86.125,56.19791667,591.09375,27.58388171,6.729810622,21.68164894,356.890625,108.8072917,90.52604167,691.234375,51.1299296,5.010905242,31.56226359,105,105
FEF,105,,,,,,,,,,,,,,,,,,,,9,,,,,UBB,YES,UNBUR,2009.6666667,09/22/2012,FEF105,132,4.37,21.16547645,3.175641995,23.20676559,80.25378503,3.066565476,3.292509694,1.130200727,52.3831489,16.54608928,67.30689175,252.2140733,16.34532144,27.75562707,2.469275378,165.631361,42.89528756,220.2402138,776.9025143,41.3168912,39.22861954,4.198578412,203.9110961,82.51347486,305.7673141,974.4580699,71.13663053,51.34059516,4.573301742,105,105
FEF,106,7,12,,,,,,,,,,,,,,,,,,7,3.003172661,26.47333852,10.652404404,30.957327683,,,,,,,,,,,,,,,,,,,,,,,,,,,,,,,,,,,,,106,106
FEF,106,7,12,,,,,,,,,,,,,,,,,,8,4.1632617748,68.160107757,11.531661962,24.364670436,UBN,NO,UNBUR,0,08/26/2013,FEF106,62,4.44,60.752497,40.56364305,24.68058159,93.41466882,10.03454339,8.353460504,0.819059408,324.346585,133.2430119,94.78953986,522.3843907,52.79621476,47.02576939,2.289649348,1199.822171,444.7181774,317.4774325,1519.47575,185.1936093,131.0774998,5.379502146,1440.920107,626.0750318,465.8603134,2092.83496,241.8312579,232.9088886,8.557110197,106,106
FEF,106,,,,,,,,,,,,,,,,,,,,9,,,,,UBN,NO,UNBUR,0,09/22/2012,FEF106,133,4.63,23.46485043,16.48075511,15.90203535,31.27099088,3.748920321,2.499411741,2.073726098,681.9194338,314.1651709,415.6029242,1192.726939,95.57077044,115.8130869,3.275477639,2232.362953,924.6414596,1273.397347,3558.630479,139.8276268,67.90520636,7.719251199,2944.349681,1235.852939,1567.872163,3925.9324,176.0150081,218.9875235,16.54271993,106,106
FEF,107,7,12,,,,,,,,,,,,,,,,,,7,4.5722916892,19.961811096,10.799227588,35.326398848,,,,,,,,,,,,,,,,,,,,,,,,,,,,,,,,,,,,,107,107
FEF,107,7,12,,,,,,,,,,,,,,,,,,8,8.9224475223,77.571956757,10.903365516,30.495571612,UBB,YES,UNBUR,2005,08/26/2013,FEF107,63,5.01,45.84102681,29.80418388,13.47285643,51.43719792,4.145904569,11.42187972,1.916408442,100.8861333,29.39496878,21.6864749,214.4670388,22.57329278,9.06637429,4.601944029,370.34571,38.63034484,16.71002595,696.5127787,104.6641686,88.47405751,14.12049992,405.0907798,164.4220504,150.596787,804.3862152,64.73462502,12.25319763,23.82867809,107,107
FEF,107,,,,,,,,,,,,,,,,,,,,9,,,,,UBB,YES,UNBUR,2005,09/22/2012,FEF107,134,4.6,15.35131757,6.55314636,3.738799637,27.14006593,1.444810456,0.786873188,0.491039995,36.0100206,13.87260963,22.12519682,118.159768,6.428172529,2.283289766,1.330141129,183.9295138,11.87238593,8.736692015,340.4011868,0.482968948,19.58547212,2.759315027,274.6424761,22.21657161,15.44058935,369.9402092,21.56780735,10.935282,3.781160678,107,107
FEF,108,7,12,,,,,,,,,,,,,,,,,,7,3.0930590953,36.494460623,10.221852302,33.527106921,,,,,,,,,,,,,,,,,,,,,,,,,,,,,,,,,,,,,108,108
FEF,108,7,12,,,,,,,,,,,,,,,,,,8,4.0408925971,68.604348868,10.816344962,29.119086265,UBB,YES,UNBUR,2005,08/26/2013,FEF108,64,4.02,72.19180655,49.69474722,27.72984778,126.5918513,20.45256129,17.11325798,1.0576918,174.8664959,60.94904544,40.93174325,333.0606279,32.00570563,22.01914869,2.22667453,693.3947429,204.7604657,154.1206681,975.5149641,67.42321356,86.24743151,5.548757623,371.7854462,488.0114497,168.7935027,1243.480472,377.2335401,243.2507862,18.91368114,108,108
FEF,108,,,,,,,,,,,,,,,,,,,,9,,,,,UBB,YES,UNBUR,2005,09/22/2012,Plot108,141,3.96,23.02619739,2.925165048,6.616822986,58.16464324,3.71043214,2.807826287,1.62457668,77.68018927,5.283444005,5.76575618,414.8956764,4.050868448,101.5851082,2.458404521,391.0538886,23.34729503,38.80267059,859.7573556,54.48533108,24.93828958,15.53217644,1051.920165,351.0353035,55.74443846,943.7413437,496.1576779,248.7851225,32.09924008,108,108
FEF,108,,,,,,,,,,,,,,,,,,,,9,,,,,UBB,YES,UNBUR,2005,09/22/2012,Plot108-,142,4.65,33.11549849,13.78450689,5.061119186,46.60275355,5.318865741,3.812381568,1.46631029,234.9325628,76.85239673,42.55422256,389.3930254,16.08884941,16.68224343,2.303166055,1075.261445,339.6902214,212.2291866,1687.406712,225.7585702,28.068281,2.546211383,1179.642146,399.3545354,260.4386062,1569.439982,109.6907005,96.5005531,4.768221799,108,108
FEF,109,7,12,,,,,,,,,,,,,,,,,,7,3.057887401,29.508951776,10.355442491,35.581583978,,,,,,,,,,,,,,,,,,,,,,,,,,,,,,,,,,,,,109,109
FEF,109,7,12,,,,,,,,,,,,,,,,,,8,4.6341595012,68.328690592,10.561566353,28.40281566,UBB,YES,UNBUR,2006,08/26/2013,FEF109,65,4.45,42.58679059,14.50339739,16.5554009,88.77502894,3.716759459,3.589644197,0.608474361,84.35828552,27.37600455,0.655499911,201.6387655,21.19487576,155.3446864,2.324243139,270.084593,196.1685947,129.7214602,561.1127399,95.46770491,25.9300061,7.280705371,365.2482216,19.87765083,19.74887731,737.5324573,130.4941013,95.98279897,9.844521152,109,109
FEF,109,,,,,,,,,,,,,,,,,,,,9,,,,,UBB,YES,UNBUR,2006,09/22/2012,Plot109,143,4.55,59.09182442,25.27686919,24.83728576,118.6114206,16.17749222,7.440771582,1.644114382,62.06275191,11.27353413,19.56547259,162.4761437,1.099889986,6.123126784,2.825413268,215.2020355,29.15542737,54.62101975,564.9904272,64.08493895,,8.228067511,289.5019146,65.18708373,46.28106169,621.9215034,70.78258801,35.00527276,10.95541913,109,109
FEF,110,7,12,,,,,,,,,,,,,,,,,,7,4.3507155023,22.573580124,11.314760145,37.354741733,,,,,,,,,,,,,,,,,,,,,,,,,,,,,,,,,,,,,110,110
FEF,110,7,6,,,,,,,,,,,,,,,,,,8,5.4174765737,72.842502337,11.22379837,28.361343385,UBB,YES,UNBUR,2007,08/26/2013,FEF110,66,4.48,61.24950732,35.7582348,31.77015297,95.19517173,9.2421875,3.921898461,0.428368489,300.6859164,114.2724873,148.0279772,543.6580448,40.69562922,27.83372044,1.76913412,865.301098,414.4041385,467.8737331,1825.282517,162.1085304,102.5730574,5.708178033,1414.15076,554.1440034,653.2200169,2137.562922,243.2115709,160.3112331,7.148701427,110,110
FEF,110,,,,,,,,,,,,,,,,,,,,9,,,,,UBB,YES,UNBUR,2007,09/22/2012,FEF110,135,4.3,50.13604384,22.47554459,17.58524816,80.86737288,7.566666001,6.392073609,0.706951968,112.2474993,37.85789282,35.33815249,162.6423059,25.88912626,19.58977544,1.253225713,287.84115,147.6519608,195.6415607,661.1063196,165.5192104,142.8415474,13.90463686,371.1071145,202.8571807,230.1161897,783.3137255,328.3860625,152.9205087,21.33217135,110,110
FEF,111,7,12,,,,,,,,,,,,,,,,,,7,4.1647577043,21.745213788,10.875830142,36.357467333,,,,,,,,,,,,,,,,,,,,,,,,,,,,,,,,,,,,,111,111
FEF,111,7,12,,,,,,,,,,,,,,,,,,8,5.3022664863,61.63718551,11.269692739,30.422635872,UBN,NO,UNBUR,0,08/26/2013,FEF111,67,4.44,27.19458852,8.147392552,13.11495953,72.3761398,5.568919369,4.192276907,1.098253669,135.5863403,74.25349404,69.85135148,347.5392303,35.2616489,28.13025159,3.054238094,550.8836326,138.7179761,247.580939,1167.967808,116.0139357,93.30989525,10.07373822,718.7382903,200.6204452,323.2610737,1415.965788,159.0933969,115.4317808,12.89000891,111,111
FEF,111,,,,,,,,,,,,,,,,,,,,9,,,,,UBN,NO,UNBUR,0,09/22/2012,FEF111,136,4.39,69.13657951,37.0049202,21.31946288,76.03033799,7.437833158,1.838124897,1.092856032,117.5688032,24.22973969,19.70565242,171.2863867,17.30074288,14.87202235,1.575647956,281.0254993,86.16637842,60.61364807,419.8911673,31.27371578,44.37656388,2.32977489,513.039743,94.82359201,63.05138725,268.6485686,30.92546732,16.82140492,4.979690012,111,111
FEF,112,7,12,,,,,,,,,,,,,,,,,,7,2.640453461,19.624714753,11.078996784,35.714249294,,,,,,,,,,,,,,,,,,,,,,,,,,,,,,,,,,,,,112,112
FEF,112,7,18,,,,,,,,,,,,,,,,,,8,4.0586131084,63.922364682,11.042672476,30.687999937,UBN,NO,UNBUR,0,08/26/2013,FEF112,68,4.95,59.29446012,22.07426042,28.30322552,116.2340274,13.0379946,8.046289692,2.585020974,45.43173261,4.975754922,16.87943903,161.8219849,4.105493894,0.934405765,6.796776754,163.2869075,20.33218951,44.31901758,517.4146598,6.932553957,12.08259182,16.41603491,251.7197057,32.48832187,89.92337538,596.7926797,22.11167813,14.78303389,25.38523615,112,112
FEF,112,,,,,,,,,,,,,,,,,,,,9,,,,,UBN,NO,UNBUR,0,09/22/2012,FEF112,137,5.19,21.68579032,10.12998659,11.49303022,39.44544705,4.029698183,2.867102145,2.54199696,195.2958014,50.60194543,109.6081296,528.3441294,19.0197764,15.90116096,4.825068203,728.7112632,226.5646759,343.7850149,1869.23348,127.5610112,35.09158841,18.8379148,888.8991926,270.3242957,463.7774565,1950.416485,94.49378722,52.31822607,30.96541141,112,112
FEF,113,7,12,,,,,,,,,,,,,,,,,,7,2.5872038885,21.28866608,10.786154873,35.731522243,,,,,,,,,,,,,,,,,,,,,,,,,,,,,,,,,,,,,113,113
FEF,113,7,12,,,,,,,,,,,,,,,,,,8,5.4945338075,71.240797065,11.01271553,27.087489764,UBB,YES,UNBUR,2007,08/26/2013,FEF113,69,4.59,17.54764339,6.422576578,7.759217134,32.89350137,2.320824645,0.531834996,4.418366617,74.74111673,17.42786675,28.52229481,196.3481737,13.44842452,14.30116214,7.098919915,309.9086498,47.70049958,78.36230121,608.8386038,77.87439478,48.22474818,22.62580023,360.4689658,77.09603212,94.37156047,654.2433956,2.279599747,60.17829769,25.00756822,113,113
FEF,113,,,,,,,,,,,,,,,,,,,,9,,,,,UBB,YES,UNBUR,2007,09/22/2012,FEF113,138,4.54,12.60484048,10.79088874,5.892279174,20.71405064,3.999378239,3.427936447,2.047177511,173.3179828,97.96155071,67.99102452,315.2220586,38.3301823,30.10635249,3.006747593,634.3631587,242.3720745,183.876214,967.7207451,78.17075306,41.42158892,7.115051533,674.1403439,294.5366184,301.280847,1008.04848,84.2267951,63.8564719,8.53302633,113,113
FEF,114,7,9,,,,,,,,,,,,,,,,,,7,2.6455131574,31.618402521,10.994341023,33.925030603,,,,,,,,,,,,,,,,,,,,,,,,,,,,,,,,,,,,,114,114
FEF,114,7,12,,,,,,,,,,,,,,,,,,8,4.0332961371,84.771649708,11.044449298,22.090616862,UBB,YES,UNBUR,2006,08/26/2013,FEF114,70,4.77,21.11725047,7.083875227,12.17001353,38.9025624,3.340024614,0.788310057,2.460089563,190.1559031,43.93663908,104.0400905,437.1014469,38.03515625,19.3566766,4.838404105,992.786801,262.8364001,516.7720498,1882.47831,232.3549548,113.4085629,15.32301862,1133.27647,384.9913651,595.3820929,1966.588764,246.7935341,93.01120477,25.39283024,114,114
FEF,114,,,,,,,,,,,,,,,,,,,,9,,,,,UBB,YES,UNBUR,2006,09/22/2012,Plot114,144,4.79,9.129192266,2.2171395,7.368913268,39.35866785,1.328037277,1.163123155,1.183002636,66.75469484,36.95304301,61.63971451,288.3527945,32.11372031,32.42000656,2.067295587,297.402375,120.6139533,271.0617578,1135.034003,173.9077603,155.408071,8.855439382,417.3440693,193.1425366,352.901443,1324.808962,179.4209127,166.6794049,12.48324093,114,114
FEF,115,7,12,,,,,,,,,,,,,,,,,,7,3.1364619288,27.530641497,10.855551719,33.331627529,,,,,,,,,,,,,,,,,,,,,,,,,,,,,,,,,,,,,115,115
FEF,115,7,12,,,,,,,,,,,,,,,,,,8,4.4074816764,76.394437229,11.524848746,22.97945563,UBB,YES,UNBUR,2006,08/26/2013,FEF115,71,4.37,45.90464474,16.50905577,8.418526693,80.1725301,6.189136459,4.049640993,1.431680709,135.7088535,42.02899146,34.07695466,255.3951216,29.97922142,20.64774967,1.498482,372.4346255,134.684954,119.9168857,747.640933,89.73160315,67.49835742,4.118195968,526.1788371,184.2903064,113.8125041,917.010286,109.7190964,61.84402363,5.439973493,115,115
FEF,115,,,,,,,,,,,,,,,,,,,,9,,,,,UBB,YES,UNBUR,2006,09/22/2012,Plot115,145,4.52,31.51654675,18.29697199,15.3188543,60.94866742,4.928862679,6.993492895,1.039031275,140.7198945,48.39397425,42.28036113,306.8236545,41.08872467,37.35838446,1.854691166,564.9519892,213.6782859,254.9192694,961.8187395,162.0752463,176.9966072,7.317422341,688.2604573,302.3774865,313.7757483,1343.556888,197.7207195,137.828035,11.29649769,115,115
FEF,116,7,12,,,,,,,,,,,,,,,,,,7,2.6981053725,25.169512036,11.288679187,31.429640135,,,,,,,,,,,,,,,,,,,,,,,,,,,,,,,,,,,,,116,116
FEF,116,7,12,,,,,,,,,,,,,,,,,,8,3.7221033561,69.969487175,11.405909284,24.586392722,UBB,YES,UNBUR,2007,08/26/2013,FEF116,72,5.29,50.22150302,16.07222691,32.56392027,159.533035,9.847881984,5.306554793,4.836238237,139.9524715,41.42449786,74.20585354,529.7425606,38.39003856,14.98792069,7.529465624,579.3039883,161.6520457,433.0982224,2499.84086,133.146519,86.25032995,30.0602855,765.0496783,233.375629,443.0291801,2876.481626,151.721088,231.3526561,58.53764984,116,116
FEF,116,,,,,,,,,,,,,,,,,,,,9,,,,,UBB,YES,UNBUR,2007,09/22/2012,Plot116,146,4.79,14.68371436,4.918087668,4.131557329,27.05369152,1.686575692,1.123991804,0.991034917,159.5318131,38.27937806,44.53701864,359.6703266,27.29374236,16.95704717,2.003158381,637.5123874,165.5011261,194.3997748,1230.447072,113.4425676,62.40878378,8.714427273,952.7331081,305.4853604,297.0822072,1693.64527,135.9876126,59.74436937,14.14713458,116,116
FEF,117,7,12,,,,,,,,,,,,,,,,,,7,5.1405753049,20.088590213,11.64975516,32.444983006,,,,,,,,,,,,,,,,,,,,,,,,,,,,,,,,,,,,,117,117
FEF,117,7,12,,,,,,,,,,,,,,,,,,8,6.3714807406,72.829468753,11.75313676,23.677759171,UBN,NO,UNBUR,0,08/26/2013,FEF117,73,5.09,17.82702172,5.766644888,6.178294019,38.25236028,1.970020728,2.633712189,2.705539325,36.49947763,2.080239548,9.117455594,161.5836083,3.537163183,7.095670394,5.360009461,182.1866655,22.01054253,37.09077821,545.267251,11.67463146,41.30790841,21.01746941,201.3320508,48.22577974,35.70012687,533.9050046,66.98015771,42.01223175,31.80991249,117,117
FEF,117,,,,,,,,,,,,,,,,,,,,9,,,,,UBN,NO,UNBUR,0,09/22/2012,Plot117,147,4.85,34.34709805,8.000411243,65.15377956,168.1297189,13.71747008,3.144355242,2.1206872,165.5327035,24.27107558,173.2042151,612.6627907,38.29142442,58.85901163,2.862007519,537.5348837,116.67351,600.9622944,2068.927326,178.0120011,113.1073186,11.64551986,645.2005814,175.6511628,933.8081395,2419.965116,277.497093,199.1947674,18.3519437,117,117
FEF,118,7,15,,,,,,,,,,,,,,,,,,7,4.1204348613,20.295414763,11.742057546,34.563687641,,,,,,,,,,,,,,,,,,,,,,,,,,,,,,,,,,,,,118,118
FEF,118,7,12,,,,,,,,,,,,,,,,,,8,6.0422434424,86.9300502,12.077407074,23.29987844,UBN,NO,UNBUR,0,08/26/2013,FEF118,74,5.04,70.5290595,33.94717465,44.97719832,142.7685255,13.7049245,9.216916731,7.37816669,182.2101235,55.84563097,116.0448319,481.2772416,37.81278539,101.5557545,20.0405937,779.4401204,215.8464093,438.1617891,1747.830843,125.9513284,106.0344541,35.89402838,972.6876297,317.0456621,551.5623703,2043.533624,197.1855542,152.3277293,54.33378122,118,118
FEF,118,,,,,,,,,,,,,,,,,,,,9,,,,,UBN,NO,UNBUR,0,09/22/2012,Plot118,148,4.47,16.14222724,3.954390896,20.78392992,43.37295109,1.444998441,1.660474,0.636651215,106.3718307,31.92270983,128.7947469,283.7816082,34.14820527,32.72052895,1.412625172,403.8202351,126.347144,450.1777249,920.4710997,85.36443559,79.98965417,4.259431211,469.9972314,182.1105013,557.6733534,1088.433019,139.4481737,140.4559452,4.920973651,118,118
HP1,1,,,,,,,,,,,,,,,,,,,,9,,,,,,,,,09/11/2012,HighPark,108,7.53,8.590406685,1.374169614,22.75191593,18.0707652,0.819052395,1.287328672,1.7416073,11.33153812,1.234496233,26.72336601,22.02911939,2.208959136,3.657688634,16.95938705,47.86232171,13.5071058,127.1619801,68.76088048,11.36227945,13.54244067,59.76672016,58.92021375,13.34456542,136.3168861,94.56262859,7.650296262,16.224956,61.43537015,1,1
HP1,2,,,,,,,,,,,,,,,,,,,,9,,,,,,,,,09/11/2012,HighPark,109,7.42,7.979558874,1.311678395,20.14078935,6.13634619,0.741306536,0.945943768,6.689033421,20.54687463,3.743427491,42.64268186,11.23230649,4.520145685,5.863589858,18.15286736,66.5316753,11.16854982,119.3222722,49.85186995,10.35894128,9.913656584,52.89632842,76.70981096,9.620173488,132.1035432,40.53709964,10.62206406,9.680894128,65.16379201,2,2
HP1,3,,,,,,,,,,,,,,,,,,,,9,,,,,,,,,09/11/2012,HighPark,110,6.29,14.62410976,2.083480858,16.72423062,14.50878989,0.862733355,1.968008135,4.009095143,35.86781652,8.662250906,33.98646915,28.52849437,9.103826993,10.48007246,9.448590144,134.3746414,25.28759058,137.737636,93.93601014,24.31612319,28.20199275,40.03225981,216.2166976,35.16630193,212.0267371,131.3975643,35.73822464,21.16621377,58.12654421,3,3
HP1,4,,,,,,,,,,,,,,,,,,,,9,,,,,,,,,09/11/2012,HighPark,111,7.46,10.48515539,1.500955902,19.76912721,15.59841595,1.308697008,2.376826509,8.663252026,14.72480818,4.304167131,26.77153981,21.44581008,2.887236681,5.402617867,21.17079726,63.00798143,17.77248663,109.5339245,91.3183184,14.76214333,17.49660611,49.03829722,78.25130118,15.07859452,119.3709959,85.96268176,12.34309631,7.22232896,63.38400327,4,4
HP1,5,,,,,,,,,,,,,,,,,,,,9,,,,,,,,,09/11/2012,HighPark,112,7.7,7.637979761,0.712109042,2.631614943,15.95057474,0.881285235,0.602765154,1.019706042,21.27320776,3.756254984,6.141068027,28.84121296,2.328933524,3.236030813,9.37124532,84.03461647,12.75805201,25.45121168,105.0262284,11.11442274,9.780912192,38.34166085,80.24452582,7.882985557,18.1138025,106.7176006,9.200990165,12.09749911,19.59826875,5,5
HP1,6,,,,,,,,,,,,,,,,,,,,9,,,,,,,,,09/11/2012,HighPark,149,6.34,6.904268364,1.505626308,11.12275769,5.59051344,0.974294567,0.805519559,0.931479493,26.82888893,2.711221024,32.85228764,17.15943686,2.010607404,0.940069794,2.09433652,83.43538838,3.468823911,72.76401271,54.05353404,5.867724943,3.087690102,7.993229339,103.9481438,9.791161212,94.69961825,65.57861976,9.073732865,5.374492955,9.79377657,6,6
HP1,7,,,,,,,,,,,,,,,,,,,,9,,,,,,,,,09/11/2012,HighPark,113,7.12,5.649374026,1.77462915,3.049582224,13.52273253,0.757822773,0.294722839,0.828400496,9.65209289,1.44796445,5.365395642,25.62269592,3.671588303,2.146358945,1.47299842,35.7184633,4.411123853,18.05791284,70.02008057,9.86983945,5.952408257,4.911621412,48.08084862,6.75516055,20.30561927,87.71661377,11.6037844,14.81479358,6.558048124,7,7
HP1,8,,,,,,,,,,,,,,,,,,,,9,,,,,,,,,09/11/2012,HighPark,150,7.46,6.81258943,0.672179158,1.000134359,14.61390075,0.525258668,1.118960784,3.460072741,15.98064382,0.607588157,3.942678227,23.32295486,2.198474707,3.093124552,10.05830726,67.9982591,9.521256426,12.02045713,86.23096202,7.417738254,11.70332922,40.74712335,71.87965839,6.480901668,9.855840921,87.07041951,4.684195542,10.63221761,39.22362902,8,8
HP1,9,,,,,,,,,,,,,,,,,,,,9,,,,,,,,,09/11/2012,HighPark,151,7.32,2.920721817,0.494723712,1.303671151,7.795298166,0.504047679,0.964465206,3.190262205,7.248808386,3.260932251,3.574962253,10.156963,2.31680969,2.467218882,7.877289324,34.66200147,12.18192499,14.8161184,47.92693934,9.356671253,13.55186817,34.39899331,31.07657155,8.185918626,13.85268655,39.51518615,0.884530648,13.85675166,34.6907556,9,9
HP1,10,,,,,,,,,,,,,,,,,,,,9,,,,,,,,,09/11/2012,HighPark,114,6.53,14.39310863,2.479863682,13.59512343,11.01308686,2.479863682,2.877769108,0.737079876,41.18314298,5.633612168,23.63541685,19.14201115,6.337972807,5.94760426,1.440093213,171.718841,16.39139132,83.50742592,68.67527977,18.80090114,17.27248073,5.133012541,181.799699,11.77385482,95.37001699,72.16059968,15.30414429,14.18395628,6.61094136,10,10
HP1,11,,,,,,,,,,,,,,,,,,,,9,,,,,,,,,09/11/2012,HighPark,115,7.41,1.803197985,0.386482526,1.418801887,1.719740864,0.616297947,0.564085857,1.753535228,5.642229826,3.522117445,4.205330022,5.082347886,2.772345476,2.766472589,7.259038009,20.78356151,11.01890726,16.11657359,24.65966725,14.55830078,5.052053575,19.17200163,19.67162815,6.586834836,18.53620323,21.03413804,10.80748331,11.37195819,23.11792222,11,11
HP1,12,,,,,,,,,,,,,,,,,,,,9,,,,,,,,,09/11/2012,HighPark,116,7.6,6.840685126,0.838260636,1.2644308,12.15809904,1.063110563,1.846815366,6.323394606,13.98483272,4.12664131,4.367932438,20.43732828,2.878361872,4.484824585,17.21134798,62.00565967,16.50656524,17.94358796,86.10647787,15.26257542,21.90290728,59.56172878,74.65777919,13.31508791,16.47224828,75.62001426,14.23306661,23.03107735,61.0592922,12,12
HP1,17,,,,,,,,,,,,,,,,,,,,9,,,,,,,,,09/11/2012,HighPark,117,7,21.60189069,3.17217368,24.09685469,10.59920157,1.533676539,3.795063737,2.219167956,40.55154816,3.824220863,41.40425851,16.28637748,4.823916644,6.138901095,4.493284489,132.7320739,5.13536033,100.4403036,54.72761386,13.42053137,12.98989319,15.02471469,173.2543529,0.808984586,151.7512222,68.25975641,17.57311385,5.638284208,18.68730845,17,17
HP1,18,,,,,,,,,,,,,,,,,,,,9,,,,,,,,,09/11/2012,HighPark,118,4.11,29.95507316,18.58626944,17.74288638,28.38075811,1.797323896,1.881662203,0.808356105,95.53048606,17.71563851,36.05362759,69.88591851,13.70252471,46.02187631,1.468828518,388.1712652,208.5594958,93.45150862,316.496569,180.043757,142.5471822,38.27506448,325.2510807,154.8009648,131.3962401,606.5979292,138.9935853,119.1424575,67.8026283,18,18
HP1,19,,,,,,,,,,,,,,,,,,,,9,,,,,,,,,09/11/2012,HighPark,119,5.35,6.525431496,3.032619896,4.768071538,10.92430847,3.439488631,0.780693648,0.819544844,85.20967176,14.30610409,66.82937292,151.9022731,11.95243684,0.860552446,1.134767518,352.9025364,54.26535896,226.1183079,647.6701773,27.48373261,19.39703857,4.32173144,477.8658066,173.3105143,320.352905,800.1754432,102.9759961,30.13766017,7.137684144,19,19
HP1,20,,,,,,,,,,,,,,,,,,,,9,,,,,,,,,09/11/2012,HighPark,152,4.21,27.76087262,28.84452779,98.98923467,125.5534305,34.30673566,31.46580181,1.276718122,14.39478199,,104.7378127,214.5768942,22.52524818,25.61041816,1.942263662,135.3096497,66.53277341,494.2100071,884.6253753,112.5076126,156.0724803,10.15551203,81.07177193,6.116100279,437.8460718,866.6366053,52.04482066,107.343,1.064176367,20,20
HP1,21,,,,,,,,,,,,,,,,,,,,9,,,,,,,,,09/11/2012,HighPark,120,5.78,41.36354342,14.43489114,30.15672289,66.43822786,9.112804351,5.446375414,1.948564627,71.40902427,22.33930591,44.02682563,87.12906608,10.80574846,4.263395919,3.252502549,159.7393631,25.24319906,117.3191201,306.6416193,41.06781712,6.018760728,11.73855634,243.2840539,51.84736247,131.3000684,371.022181,24.7662037,21.33341907,13.50700858,21,21
HP1,22,,,,,,,,,,,,,,,,,,,,9,,,,,,,,,09/11/2012,HighPark,153,4.71,33.53342883,19.56803826,29.44272619,57.64175014,6.633705935,5.946333769,1.128820837,56.19703351,15.62661232,29.76870471,113.2822237,0.794639687,13.86745111,1.329800197,339.1464493,78.69735698,152.8395714,394.2113406,90.8120979,55.43705443,3.470573455,274.2149819,132.2302536,212.1025362,391.2043841,40.82083845,16.99771592,2.306609517,22,22
HP1,23,,,,,,,,,,,,,,,,,,,,9,,,,,,,,,09/11/2012,HighPark,121,5.53,15.96312066,6.794560847,23.05509275,77.46331015,6.539541302,1.986672651,1.403084499,16.30880027,8.771467888,23.78270172,53.13509165,6.361858997,4.85585344,2.1831355,40.82133088,12.24169082,53.88386202,159.6049142,13.39939153,4.505099887,7.528337734,59.46587363,17.79338421,84.00424684,193.4341524,25.80179024,24.66785664,10.71116719,23,23
HP1,25,,,,,,,,,,,,,,,,,,,,9,,,,,,,,,09/11/2012,HighPark,154,5.28,36.56300544,7.522620247,35.5734812,117.7470156,7.640932928,1.746013123,1.119903913,48.63330878,8.104494562,77.80282176,193.6053904,17.27508746,1.018030987,2.510146139,209.9735776,49.99889523,300.5463082,792.7271221,77.21846805,18.90425701,10.0210708,317.1009022,61.30058921,395.2576874,870.7247284,78.65107715,15.27862448,14.55476598,25,25
HP1,26,,,,,,,,,,,,,,,,,,,,9,,,,,,,,,09/11/2012,HighPark,122,6.23,17.48154725,4.234074935,10.34678892,49.29645495,1.780726879,0.802221923,3.851402309,36.48438039,5.473645927,14.48791691,116.054435,5.212693039,3.621516898,7.706207134,148.2452271,19.67966652,37.5486199,478.6500575,25.40790063,9.445221576,30.13839842,209.2345888,26.83359445,64.72826337,601.9474698,28.41204118,15.24983214,40.47849592,26,26
HP1,27,,,,,,,,,,,,,,,,,,,,9,,,,,,,,,09/11/2012,HighPark,123,5.05,16.22582908,7.096970952,8.210405147,28.42802604,5.508211049,4.111534823,1.149891961,116.9850115,52.77549721,60.32640757,227.7852493,32.90749904,11.00450375,1.952026873,495.3589547,200.1772675,217.3140853,772.1185626,103.3542467,102.0689854,7.65457691,689.6476268,264.2261241,332.344975,1124.494379,156.6925922,144.2683993,8.979788248,27,27
HP1,28,,,,,,,,,,,,,,,,,,,,9,,,,,,,,,09/11/2012,HighPark,124,6.54,25.69832348,6.014831338,7.955721445,39.02871571,5.007550897,2.023214695,1.988505991,79.17070835,9.409592497,15.14206139,88.11872842,10.55492901,6.623730137,3.267400216,326.5702956,47.53598403,66.93779672,371.7967738,28.47091188,17.04452723,13.42969525,362.8154402,50.32136672,75.51936772,436.878129,43.02346096,20.39804142,16.62325123,28,28
HP1,29,,,,,,,,,,,,,,,,,,,,9,,,,,,,,,09/11/2012,HighPark,125,5.69,27.44000897,11.0239998,10.83105433,41.99174772,3.115842909,1.211419189,2.217256716,76.40697878,22.12530806,34.2727001,102.8800256,14.15954443,14.28674226,4.234095322,280.3028178,19.29156322,70.57507862,317.6481093,14.09543611,17.71013323,12.65839568,263.1438424,63.9481339,117.4387368,386.5893291,28.25299983,55.21261586,17.75015498,29,29
HP1,30,,,,,,,,,,,,,,,,,,,,9,,,,,,,,,09/11/2012,HighPark,155,6.02,18.49791483,1.780425404,5.748150727,31.63403542,1.17380188,1.271721425,1.971604109,34.74168223,9.363055922,17.30375241,52.46049146,27.90695001,27.18134488,7.838132777,94.21327684,11.08616688,30.36135235,145.7546479,14.17533397,40.60484256,35.8153484,120.3350616,13.08359543,47.49366889,184.7968854,18.52658822,53.34532319,38.25412027,30,30
LSP,17,7,12,190,15,2009,15.7375,8.75,0,4,4,0,7.625,26.44836272,677.9921705,51.02237617,248.0349528,43.52038465,429.9572177,7.501991518,8,1.6737568676,34.431428592,14.378638982,28.535805702,UBB,YES,UNBUR,2009,08/13/2013,LSP017,156,4.09,39.93463799,16.81152215,18.944574,66.62210433,7.945808263,4.506522704,0.808217186,97.41922515,30.83223684,38.38230994,150.7021199,15.99817251,7.194122517,1.356288092,626.8888889,149.005848,155.9239766,1170.627193,11.5452971,34.40749172,18.78336366,826.4502924,304.9298246,240.1388889,1402.118421,42.04093567,10.23173938,27.28793001,17,17
LSP,18,7,12,200,12.6,2009,28.83333333,16.86666667,0,3.5,3.5,0,23.75,12.80353201,1171.73845,71.47681885,866.5208377,62.92200138,305.2176128,8.554817467,8,3.1701235177,42.63916111,14.31879401,26.24333318,UBB,YES,UNBUR,2009,08/13/2013,LSP018,157,4.42,47.5680284,19.64635708,29.86755121,63.81255819,3.586592179,2.522346369,0.258792616,98.8358222,30.7062505,66.36420236,172.7007915,12.28345815,1.499850978,0.747208699,330.5738491,123.1726019,215.5182968,626.9606593,48.11657475,39.64131717,1.438836738,456.5208634,167.2019169,283.7637352,756.3836722,93.85834737,49.46770277,2.730645473,18,18
LSP,19,7,12,230,16.7,0,19.275,11.525,0,1.75,4.75,0,3.5,13.75545852,362.3939617,33.16359672,128.5416341,11.17964678,233.8523276,21.98394994,8,1.3699446568,34.256037235,14.352676628,32.503881296,UBN,NO,UNBUR,0,08/13/2013,LSP019,158,4.42,35.38334093,13.478582,10.67973816,47.91958495,5.281131445,3.220058163,0.343099538,78.31326416,19.01649833,24.44700695,97.89600737,15.09446433,6.796988482,0.793491195,243.2598344,88.27974164,74.3106774,329.3800216,46.26246406,20.11838024,3.531574774,426.2853968,126.6955383,122.827281,484.842809,68.00473786,36.52512672,2.649753599,19,19
LSP,20,7,12,219,13.7,2010,30.73333333,11.8,0,5.75,5,0,56.25,8.704883227,586.2199053,41.7806705,90.55827553,19.38888662,495.6616298,22.39178388,8,5.923282981,39.020106475,16.70347309,30.760389169,UBB,YES,UNBUR,2010,08/13/2013,LSP020,159,4.41,33.72863642,13.82225325,15.44024588,46.81915517,6.070546404,3.832417229,0.445690618,72.58568148,22.53631903,38.07236986,101.7600571,17.95647343,11.60541682,0.773577791,270.4039506,102.5943592,157.5525064,347.3251143,84.57861296,53.16138232,2.363580962,358.8632888,166.6615916,184.1712776,456.2292882,101.9870869,64.2349894,2.702848555,20,20
LSP,21,7,12,165,14,0,33.45,15.7,0,4,4.25,0,5.5,27.2264631,1535.873319,66.4082136,220.9357222,24.30991886,1314.937597,42.09829474,8,2.1566706399,32.872381369,14.822271348,29.162783144,UBN,NO,UNBUR,0,08/13/2013,LSP021,160,4.15,47.40156102,18.17678656,14.20426757,71.00299739,10.79709758,6.116007835,0.502692552,101.7535682,25.99841358,21.27215616,159.5827036,18.70647356,36.53121583,0.540025647,410.3981666,63.18484043,114.2643803,548.9450269,91.17323688,43.35638298,17.45606024,450.4958411,67.66899016,211.2121798,1177.529268,147.0046081,146.9841726,31.22213776,21,21
LSP,22,7,12,245,13.3,0,20.2,13.5,0,2.5,3.25,0,13.75,9.227467811,639.4294672,30.33151685,116.7852591,10.61777033,522.6442081,19.71374652,8,2.0621869466,38.046209971,13.960539343,26.832342148,UBN,NO,UNBUR,0,08/13/2013,LSP022,161,4.64,16.39110694,10.38678606,7.814002363,27.46103031,1.761007203,1.072613727,0.319044274,79.09128452,30.65908531,36.52866124,124.9657914,16.49340483,10.28702849,0.731935705,450.283284,175.3641519,190.8414694,612.4016272,142.5732249,151.492357,3.874579847,634.1848976,175.1487715,262.7721765,695.0347633,83.4183925,73.51351578,1.909512942,22,22
LSP,23,7,12,271,16.6,2008,20.5,10.7,0,3.25,4.75,0,5,18.76484561,1086.712826,62.61280665,344.3292032,31.10795887,742.383623,31.50484777,8,2.8910019597,61.208531379,14.375757455,23.272476514,UBB,YES,UNBUR,2008,08/13/2013,LSP023,162,4.53,47.74854471,17.36301537,16.54745285,66.56085351,7.242272855,3.63826324,0.483890228,137.2857587,41.29912935,67.43594527,208.5003109,24.92226368,28.80970149,1.088745116,576.1069652,211.6803483,254.6902985,789.6679104,121.028607,130.6231343,4.638105957,822.9179104,281.3233831,327.1455224,952.6094527,173.7985075,147.9925373,5.682010832,23,23
LSP,24,7,12,251,18.3,2009,15.8,8.725,0,3.75,4.75,0,2,20.657277,699.9171396,48.73475402,93.36264897,14.95980214,606.5544906,33.77495189,8,2.4449099402,60.749657313,14.067712783,24.319570382,UBB,YES,UNBUR,2009,08/13/2013,LSP024,163,4.68,130.9606994,84.48761676,52.19134095,106.4901016,18.97231441,14.140456,0.715084664,174.6311026,55.20239994,59.17221336,221.892776,19.85016676,7.204096503,1.184702645,903.2832077,248.5565062,311.2377707,1015.106584,127.2055781,84.41516821,5.584194506,923.1740623,309.0648202,288.0039153,1021.123985,128.5756394,64.36781508,6.102566634,24,24
LSP,25,7,12,215,16.2,0,18.63333333,10.7,0,2.875,3.5,0,0.5,9.150326797,613.6157027,81.41426641,137.6511408,33.98503365,475.9645619,47.42923276,8,1.7015296521,62.455993969,14.253873348,22.647129695,UBN,NO,UNBUR,0,08/13/2013,LSP025,95,4.38,22.99919619,8.642107175,8.115613079,26.56653118,2.476051317,1.936057372,0.521188396,192.2012519,45.57767451,73.30747344,234.8531866,13.19603566,8.731757161,0.87547664,1011.322792,298.0327986,380.0397918,937.0039542,271.9784934,209.4054491,4.748651324,481.0239721,180.3683694,211.2336786,1102.770865,119.2389985,27.79127433,9.004627657,25,25
LSP,26,7,12,278,18.4,0,23.4,13.83333333,0,5.125,4.125,0,5,10.86474501,1303.150039,76.3609619,284.3261723,25.98216642,1018.823867,50.37879548,8,3.2716170053,61.162691752,14.284914968,21.951401393,UBN,NO,UNBUR,0,08/13/2013,LSP026,96,,,,,,,,,,,,,,,,,,,,,,,,,,,,,,26,26
LSP,26,7,12,278,18.4,0,23.4,13.83333333,0,5.125,4.125,0,5,10.86474501,1303.150039,76.3609619,284.3261723,25.98216642,1018.823867,50.37879548,8,3.2716170053,61.162691752,14.284914968,21.951401393,UBN,NO,UNBUR,0,08/13/2013,LSP026,164,4.51,20.21080198,5.07587848,8.033830912,41.44223802,1.840994274,2.334655264,0.347928024,151.8092622,43.45298105,81.54660361,359.9042441,34.59058299,26.70745544,0.927142316,490.1162966,199.2729573,343.6174294,1164.050257,126.0235236,32.6425463,3.807002239,819.934602,306.4051503,451.1413306,1455.481158,226.4966772,144.4338091,4.887625099,26,26
LSP,27,7,12,290,21,2008,20.2,11.43333333,96.66666667,0.55,0.1,0.425,8.75,10.88888889,553.6645473,96.06327471,314.4461588,98.56461114,239.2183885,-2.501336436,8,1.2770664494,29.064003149,17.680144788,29.209267138,LLB,YES,LIGHT,2008,08/13/2013,LSP027,97,5.5,2.247369681,0.084537014,1.603339541,3.404213841,0.100399346,5.554157704,3.208404902,19.46665104,3.924000362,15.04109498,26.01128443,19.09184825,1.150979578,7.013327293,68.06406957,3.09990704,30.00717057,96.66440579,5.293256813,122.4181347,14.99942452,65.93057675,11.87330613,61.14463339,110.2149683,11.18396763,21.84106896,20.67083907,27,27
LSP,28,7,12,320,20.2,0,18.2,12.66666667,116.6666667,0.2,0.325,0.875,1,2.240325866,439.0766194,30.7575528,92.34235951,34.83978609,346.7342599,-4.08223329,8,2.8193821709,23.21119054,17.718995573,27.940702122,LBN,NO,LIGHT,0,08/13/2013,LSP028,98,6.44,20.42415391,3.478288876,9.303770678,9.772571148,4.295964114,4.851983275,1.861819034,32.03325649,6.912241888,16.70120389,20.05443135,6.736080383,10.51096976,2.565989558,116.6181694,25.83702065,63.05088798,77.81352459,61.4719764,25.33370206,9.877759223,133.8693648,56.3022541,113.0329577,56.34443306,67.26878415,70.39002732,5.742311474,28,28
LSP,29,7,12,303,23.1,0,15.45,9.95,110,0.425,0.75,0.625,110,1.008064516,122.1075091,31.02656463,147.5698342,69.79004725,-25.46232516,-38.76348261,8,1.9281784593,25.989355565,17.166882515,27.051221848,LBN,NO,LIGHT,0,08/13/2013,LSP029,99,5.84,34.2022838,8.407221154,23.14725695,49.21377513,4.24716501,5.835179917,2.162732788,35.08207409,10.88792428,22.11739556,40.04787043,14.35833877,15.26121084,8.112795017,113.1292755,31.78211426,66.74422324,115.1607376,27.80831514,62.08233261,34.50712413,128.195953,23.66894105,89.82389034,119.2800914,34.84525109,64.7691906,38.00773638,29,29
LSP,30,7,12,302,20.4,2009,17.56666667,12.6,178.3333333,1.5,0.75,0.5,1.75,21.65450122,680.2533709,59.35865445,266.6140812,71.33210799,413.6392897,-11.97345354,8,2.6000621815,32.53764534,16.91599779,28.880002658,LLB,YES,LIGHT,2009,08/13/2013,LSP030,100,6.08,10.66600453,0.429509811,6.410479103,28.11177957,9.353983842,4.816578975,7.071613507,82.13644579,14.28982514,42.99525239,174.3331875,14.7706057,15.44935472,18.72482648,345.5145086,64.85178945,210.5565788,538.2792299,72.54427833,67.90616004,117.6464064,404.4525484,75.93802342,232.502797,654.2321873,94.26424692,86.68488288,113.1294179,30,30
LSP,31,7,12,305,20.7,0,11.5,8.525,140,0.15,0.1,1.25,1.75,1.83299389,262.4019661,46.03757163,137.5965433,70.85348499,124.8054227,-24.81591336,8,1.8539076844,36.606288114,18.000226495,26.382676284,LBN,NO,LIGHT,0,08/13/2013,LSP031,101,7.03,10.86198989,2.442640837,6.653626379,7.688018531,2.227634103,2.682556887,4.751643309,12.42555423,2.789671412,8.978142914,10.73217326,4.244307064,3.962157907,10.26415752,54.85093912,10.53168752,33.03217372,39.74239364,16.8267487,58.20862501,25.212611,76.47979265,23.14688981,46.03058715,51.20041068,25.30376337,26.95903842,39.69061457,31,31
LSP,32,7,12,300,20.8,2009,17.45,10.9,265,0.55,0.5,0.3,27.5,10.17316017,621.4620139,89.24799007,590.9173782,125.0740657,30.54463565,-35.82607559,8,1.211275975,77.710380873,16.44892025,22.3576231,LLB,YES,LIGHT,2009,08/13/2013,LSP032,102,5.91,13.23602641,2.333024557,2.713309189,6.665553045,0.5734536,0.05282583,3.848500652,132.6287604,8.741018615,20.47806873,87.678991,74.1737209,63.47526899,14.47832703,592.0209706,78.65799297,180.6797321,205.9004172,80.61056214,78.00713658,57.13056585,727.3990997,120.1500878,187.5137242,279.7726175,123.729798,117.3839482,65.06472592,32,32
LSP,33,7,12,300,20.6,2008,33.6,17.36666667,175,1.375,0.4,0.425,17.5,23.71638142,530.9390707,57.48674209,362.2262796,80.12556309,168.7127911,-22.638821,8,3.0944489438,57.210959116,16.520106795,23.509885947,LLB,YES,LIGHT,2008,08/13/2013,LSP033,103,4.87,13.99080963,2.609804617,6.508060303,20.96013016,0.442260359,7.37834576,0.569984771,2.801821754,14.91845594,8.171693721,13.54156569,12.085996,14.74142719,1.220725719,58.22683344,205.2056358,213.8282778,65.67448089,193.0928767,169.2779605,5.848692087,148.1714988,4.446225425,21.77632814,146.4528109,129.2185846,13.41031141,8.230224068,33,33
LSP,34,7,12,290,20.2,0,17.56666667,11.26666667,118,0.175,0.55,0.2,5.5,1.19047619,255.6649223,51.7064138,167.5372273,65.49364163,88.12769501,-13.78722783,8,1.7086869875,59.516638757,17.09758234,22.544378122,LBN,NO,LIGHT,0,08/13/2013,LSP034,104,6.76,10.09931902,1.424159722,5.404213583,6.651835681,2.593354714,2.529962024,3.014351617,41.3787469,3.018171495,11.74572546,14.52255045,3.749903481,4.878507054,3.601284017,106.05143,14.67715576,29.9815163,49.60868614,13.80899917,12.86642915,10.82303565,115.7645082,14.55313339,60.13506035,41.33630375,17.65369266,19.41481032,25.56170415,34,34
LSP,35,7,12,290,20.5,0,20.125,14.1,63,0.75,0.1,0.75,1.25,3.719008264,306.4039171,25.38366433,72.09829044,20.41322288,234.3056267,4.970441454,8,2.4340997537,28.626846314,17.84957266,27.553085009,LBN,NO,LIGHT,0,08/13/2013,LSP035,105,6.4,25.12196411,4.912045231,12.13337635,24.00872665,4.963538594,4.801702311,2.774685837,64.47309839,6.578776284,27.60770379,43.90832684,14.43727285,10.33968929,4.875095316,244.4739097,23.56574804,93.27972482,166.2781672,29.22008621,22.89137743,16.74417792,297.9827108,41.35875715,114.2426575,211.6364226,52.2524362,40.99563452,21.97837629,35,35
LSP,36,7,12,307,20.4,2008,15.03333333,13.36666667,214,1.625,0.425,0.65,2.25,10.59322034,827.2106735,75.98835966,372.8874661,106.0986958,454.3232075,-30.11033611,8,3.2459479175,28.104755879,17.673759938,29.142448108,LLB,YES,LIGHT,2008,08/13/2013,LSP036,106,6.22,54.04436866,9.766277844,66.31818406,31.69542474,2.653097588,101.3034735,6.482527817,58.74858079,17.4961126,60.34889206,43.6463841,13.77390714,4.171054551,13.58435297,264.8193835,64.19962154,224.6100812,161.8304629,57.988043,123.967036,67.23487627,373.2612165,110.5730858,350.2641509,227.5024956,75.05802984,84.20943945,84.35428002,36,36
NWT,1,7,12,,,,,,,,,,,,,,,,,,7,7.5090118928,62.764990987,10.604389383,27.638909817,,,,,,,,,,,,,,,,,,,,,,,,,,,,,,,,,,,,,1,1
NWT,1,7,12,,,,,,,,,,,,,,,,,,9,7.6369558194,69.045232511,10.889198495,25.983891168,UBB,YES,UNBUR,2003,09/05/2013,NWT1,33,4.57,86.1899715,40.54340012,32.54282438,157.3453926,15.48348053,10.57731585,6.366013111,70.13209862,4.960364698,3.248851295,201.9840062,8.607852279,12.08699428,4.635325409,265.3759056,188.4115002,121.2977287,720.5566721,91.89336732,78.08902971,13.81161484,287.5109321,8.618420081,36.67601686,873.5780136,95.26027894,10.63856705,18.02840256,1,1
NWT,2,7,12,,,,,,,,,,,,,,,,,,7,6.7960411899,57.464394043,9.6447771068,27.218364238,,,,,,,,,,,,,,,,,,,,,,,,,,,,,,,,,,,,,2,2
NWT,2,7,12,,,,,,,,,,,,,,,,,,9,7.8994563697,75.757087433,10.479596328,22.500043074,UBN,NO,UNBUR,0,09/05/2013,NWT2,34,4.27,67.1654123,31.12978567,41.37200044,125.2611938,16.7543221,12.26956534,3.018213232,124.7645169,33.5952657,69.09405797,376.3047826,17.26582126,55.95811585,3.387718173,351.6722951,13.55552581,200.8640257,1156.992015,1.270082382,98.83391304,28.46008272,493.545314,96.96115942,257.1651208,1329.980386,71.90318841,241.6374539,38.4187837,2,2
NWT,3,7,12,,,,,,,,,,,,,,,,,,7,5.1709119292,62.222216799,9.7222094218,27.528833388,,,,,,,,,,,,,,,,,,,,,,,,,,,,,,,,,,,,,3,3
NWT,3,7,12,,,,,,,,,,,,,,,,,,9,4.7963617487,65.904767864,10.941744613,24.854096413,UBB,YES,UNBUR,2003.0833333,09/05/2013,NWT3,35,4.41,58.94177719,26.97246765,25.25024697,88.15365143,5.09179509,5.054150922,3.105372815,250.2474731,119.6452095,118.4070386,387.8330205,31.9827117,18.46188577,2.833380677,619.8313711,385.272281,451.4401324,1373.035476,138.8267505,72.46079172,9.658705025,999.0088191,529.4944242,579.2193664,1656.725187,174.0898569,94.64881376,13.87326971,3,3
NWT,4,7,12,,,,,,,,,,,,,,,,,,7,3.3411963601,58.556772176,11.257907104,25.365309556,,,,,,,,,,,,,,,,,,,,,,,,,,,,,,,,,,,,,4,4
NWT,4,7,12,,,,,,,,,,,,,,,,,,9,4.8881033488,71.579479545,10.970459557,24.186258157,UBB,YES,UNBUR,2003,09/05/2013,NWT4,36,4.34,59.67295412,41.35169669,23.21488145,82.85118918,8.299656448,1.473714193,3.25772481,255.1358228,115.2224964,97.94924619,185.6764198,32.3108955,20.95242492,3.263569911,749.8243521,377.1408937,363.1129208,980.5531,151.0183458,98.94924436,7.718359559,997.3029184,520.7705861,427.8090942,1265.300012,195.6147372,129.0342093,12.82167633,4,4
NWT,5,7,12,,,,,,,,,,,,,,,,,,7,6.5586378323,57.76637675,11.258896256,27.669140498,,,,,,,,,,,,,,,,,,,,,,,,,,,,,,,,,,,,,5,5
NWT,5,7,12,,,,,,,,,,,,,,,,,,9,5.9408294259,57.759993,11.447349104,26.347865106,UBB,YES,UNBUR,2002,09/05/2013,NWT5,37,4.95,19.93217265,8.896629592,3.781374284,33.5015883,2.503880182,2.385104904,2.410715358,202.8593454,79.57019216,48.42811955,419.0827405,35.04637586,34.1608193,4.146716095,867.9162114,294.6659269,109.8797898,1518.308312,105.1568215,97.87557857,16.02443811,1148.342458,426.9090409,161.6356514,1838.682999,138.807971,107.3215153,24.87765574,5,5
NWT,6,7,12,,,,,,,,,,,,,,,,,,7,4.0752661548,63.078907808,9.7048568085,28.062040804,,,,,,,,,,,,,,,,,,,,,,,,,,,,,,,,,,,,,6,6
NWT,6,7,12,,,,,,,,,,,,,,,,,,9,3.972522596,71.644327519,10.044873557,23.354055405,UBB,YES,UNBUR,2008,09/05/2013,NWT6,38,3.93,75.21100513,36.54864496,27.8415518,139.4392541,27.73405682,10.30195467,2.759455531,172.6752475,28.73301678,11.27835803,308.790277,12.53071022,96.98621156,2.780940461,647.8079273,291.513727,363.5239784,1186.803381,56.83492774,40.71883514,38.56400732,786.8190212,8.482130319,397.3374877,2393.586891,489.0722862,379.1783808,50.04490886,6,6
NWT,7,7,12,,,,,,,,,,,,,,,,,,7,3.0893555498,50.747358277,12.071262361,27.453180631,,,,,,,,,,,,,,,,,,,,,,,,,,,,,,,,,,,,,7,7
NWT,7,7,12,,,,,,,,,,,,,,,,,,9,2.8877788578,72.412199193,11.338343302,24.306938648,UBB,YES,UNBUR,2011,09/05/2013,NWT7,39,4.96,24.65356477,12.97294571,8.861855768,42.311733,4.262802625,3.899879997,7.21939533,249.7398083,94.3932622,80.50824906,675.780418,29.49037967,18.02568992,8.583994638,1052.97066,266.7477145,218.8507885,2425.166638,67.00734202,24.4606045,37.25034754,1512.067792,479.736173,378.5921323,2864.391641,114.9042681,72.10275968,65.78069972,7,7
NWT,8,7,12,,,,,,,,,,,,,,,,,,7,5.0105579339,67.80502949,9.7055781695,27.338617643,,,,,,,,,,,,,,,,,,,,,,,,,,,,,,,,,,,,,8,8
NWT,8,7,12,,,,,,,,,,,,,,,,,,9,5.5835462137,60.727770028,10.968678921,24.865554651,UBB,YES,UNBUR,2002,09/05/2013,NWT8,40,4.62,38.15970194,18.17935046,10.25551287,35.96572688,4.494603514,1.931516299,2.174242533,117.3449344,49.7915421,45.58117948,239.7789444,12.27345935,7.104301283,3.346656711,443.1170798,147.1410936,135.2186807,893.0839522,2.734341651,40.41969428,11.59590466,349.822114,195.080866,154.9782043,871.9904523,13.98760667,36.23243288,14.04469278,8,8
NWT,9,7,12,,,,,,,,,,,,,,,,,,7,2.9105089702,69.563223664,9.6365924582,22.828926245,,,,,,,,,,,,,,,,,,,,,,,,,,,,,,,,,,,,,9,9
NWT,9,7,12,,,,,,,,,,,,,,,,,,9,3.3717900431,63.461417439,12.049638876,22.734127839,UBB,YES,UNBUR,2002,09/05/2013,NWT9,41,4.68,32.08387886,14.45584896,12.44558711,45.88804111,3.710780845,0.677252539,2.894883162,198.8926882,74.7435082,90.057664,412.654673,32.02746531,24.02956791,4.152171526,1189.83074,382.0431034,432.9388141,1884.557191,242.8069807,248.0783221,18.41685084,1195.896208,535.2899202,490.2942864,1653.890559,179.7326535,113.2359032,25.5560082,9,9
NWT,10,7,12,,,,,,,,,,,,,,,,,,7,4.2453993968,60.076691343,10.116405487,26.882909616,,,,,,,,,,,,,,,,,,,,,,,,,,,,,,,,,,,,,10,10
NWT,10,7,12,,,,,,,,,,,,,,,,,,9,4.0538476377,70.10223245,10.289674823,25.383503118,UBB,YES,UNBUR,2008,09/05/2013,NWT10,42,4.32,44.2499349,14.46070573,17.62153385,83.27850781,6.345968082,6.202659539,2.504987637,129.7961893,59.31738528,68.19390493,247.3624539,24.53514306,25.06849618,3.028479215,521.622943,177.9911524,220.6594014,906.5515032,112.1601398,55.68459302,7.931739068,560.0243671,242.2982991,237.4219277,1151.589161,130.5989188,75.21947674,11.61977848,10,10
NWT,11,7,12,,,,,,,,,,,,,,,,,,7,3.5798733125,53.24022623,9.5335982641,29.571777343,,,,,,,,,,,,,,,,,,,,,,,,,,,,,,,,,,,,,11,11
NWT,11,7,12,,,,,,,,,,,,,,,,,,9,3.7549255945,59.120938738,10.942815083,26.537579219,UBB,YES,UNBUR,2009,09/05/2013,NWT11,43,4.74,24.20800119,13.68678826,13.49968051,42.78924043,2.911300697,5.051045779,3.44888882,184.663368,62.83990569,74.99109503,391.025874,48.87123078,33.4485674,4.768761576,1033.397705,300.1720927,319.2816555,1594.429541,226.2263936,102.2219486,17.4340652,846.8717564,285.4244954,343.1686088,1635.764356,144.7382104,70.06454452,19.61990712,11,11
NWT,12,7,12,,,,,,,,,,,,,,,,,,7,4.5676686075,62.383961043,9.2383069992,26.148919583,,,,,,,,,,,,,,,,,,,,,,,,,,,,,,,,,,,,,12,12
NWT,12,7,12,,,,,,,,,,,,,,,,,,9,3.9173454053,55.844645559,10.794031143,25.699033897,UBB,YES,UNBUR,2009,09/05/2013,NWT12,44,4.92,65.67279859,26.41908302,27.52047796,125.3684042,10.90042836,5.690830305,2.255571498,181.9081815,44.98581642,73.19770526,369.2730051,33.322244,41.99515683,3.684054496,703.3086946,226.398178,302.3609317,1480.481435,132.2920895,123.9182426,15.1379895,1012.343519,313.1273063,381.1149677,1973.342136,160.0055351,80.45398985,20.30611871,12,12
NWT,13,7,12,,,,,,,,,,,,,,,,,,7,3.696205848,59.774939955,11.062355805,24.619068783,,,,,,,,,,,,,,,,,,,,,,,,,,,,,,,,,,,,,13,13
NWT,13,7,12,,,,,,,,,,,,,,,,,,9,5.0756795563,69.033658754,11.191441917,23.599753698,UBB,YES,UNBUR,2009,09/05/2013,NWT13,45,4.6,104.190018,61.2717879,47.33187251,159.8104351,16.7754542,15.52225426,4.234108807,113.7556539,32.65819759,37.57391456,235.6036914,24.46533597,21.1644439,6.758473073,402.8565094,113.8199057,111.489717,774.3817925,8.096077471,38.30280204,17.39741322,442.1900943,123.6999057,144.2987736,832.0772642,43.63462264,28.61385265,24.14511129,13,13
NWT,14,7,12,,,,,,,,,,,,,,,,,,7,4.7475215754,67.115269783,8.7740965524,24.983712356,,,,,,,,,,,,,,,,,,,,,,,,,,,,,,,,,,,,,14,14
NWT,14,7,12,,,,,,,,,,,,,,,,,,9,7.1059320525,55.885954912,10.745273846,25.693638325,UBN,NO,UNBUR,0,09/05/2013,NWT14,46,4.48,25.49973649,12.7536002,13.36834059,45.88732933,0.689977376,6.850125413,1.746051204,705.6316166,292.5868228,326.2454026,1182.530753,112.381834,82.32458375,5.201146508,2083.422838,974.7673956,1106.631461,4134.518514,414.6221421,229.5692097,19.09885794,2881.25584,1421.886307,1480.06163,4383.287276,557.013171,128.7319831,25.66465554,14,14
NWT,15,7,12,,,,,,,,,,,,,,,,,,7,4.892167576,55.377734067,10.148029391,27.615104358,,,,,,,,,,,,,,,,,,,,,,,,,,,,,,,,,,,,,15,15
NWT,15,7,12,,,,,,,,,,,,,,,,,,9,5.1173842895,85.640040723,10.18484478,17.118599812,UBB,YES,UNBUR,2010,09/05/2013,NWT15,47,4.85,50.47095319,36.90149006,22.61738597,59.70027975,11.20056086,11.60145701,8.528142268,142.8075558,54.98093889,39.83841873,242.9435762,7.59787416,4.830807688,12.20853705,637.2711498,251.4462491,168.2112351,928.7890862,84.06441341,31.70060178,41.98303096,768.5714536,400.3314151,282.056935,911.7252571,80.67769923,80.33581071,64.48170762,15,15
NWT,16,7,12,,,,,,,,,,,,,,,,,,7,3.3180987437,78.487976,9.186639595,21.093704859,,,,,,,,,,,,,,,,,,,,,,,,,,,,,,,,,,,,,16,16
NWT,16,7,12,,,,,,,,,,,,,,,,,,9,3.7363824331,55.074900552,10.927672661,25.42759747,UBB,YES,UNBUR,2008,09/05/2013,NWT16,48,4.99,71.93774063,36.11955751,29.2152025,99.09356085,15.68148812,17.99930858,9.07503051,89.93432786,27.48432164,44.83154559,223.4828114,5.762580346,6.994484656,15.30581476,386.9900517,73.63382079,72.22593015,795.3789008,97.36683443,46.52072927,42.93345477,530.9971514,165.1467124,188.2763443,913.0383328,15.70917734,19.22890393,63.41857319,16,16
NWT,17,7,12,,,,,,,,,,,,,,,,,,7,4.7392658323,53.901131377,10.412263234,29.909666379,,,,,,,,,,,,,,,,,,,,,,,,,,,,,,,,,,,,,17,17
NWT,17,7,12,,,,,,,,,,,,,,,,,,9,4.3247515014,53.193579842,11.137552133,27.141287328,UBB,YES,UNBUR,2010,09/05/2013,NWT17,49,4.27,63.94534314,43.96846405,39.83480392,88.24918301,9.836029412,8.490359477,2.129473829,195.36274,73.70629076,97.07284873,252.025077,19.86297554,20.61471467,3.046530466,356.0919022,127.3126268,386.537337,846.3511051,75.69320652,64.54240942,17.37369197,442.4166123,146.9831341,474.2402355,1125.872772,135.832337,91.98088768,24.02386432,17,17
NWT,18,7,12,,,,,,,,,,,,,,,,,,7,4.7522507793,59.500025854,11.411963462,27.337497552,,,,,,,,,,,,,,,,,,,,,,,,,,,,,,,,,,,,,18,18
NWT,18,7,12,,,,,,,,,,,,,,,,,,9,4.0263759292,77.180382625,10.684846369,19.73838981,UBB,YES,UNBUR,2010,09/05/2013,NWT18,50,5.35,21.58557979,5.867016897,9.444512132,40.4387344,2.955947532,1.411051198,7.593558569,235.9760252,55.40537183,133.465887,549.8735292,53.8135995,28.23779412,7.88010729,891.1396742,235.5304927,454.6385972,2153.861706,139.0543215,89.10110393,34.95702483,1376.356808,390.4766964,764.6068654,2869.311915,198.9546493,142.9242632,50.81008723,18,18
NWT,19,7,12,,,,,,,,,,,,,,,,,,7,6.7968137123,52.199013602,10.93896548,28.598812581,,,,,,,,,,,,,,,,,,,,,,,,,,,,,,,,,,,,,19,19
NWT,19,7,12,,,,,,,,,,,,,,,,,,9,6.3971477723,46.627337528,13.197234407,26.25401163,UBB,YES,UNBUR,2004,09/05/2013,NWT19,51,4.88,31.11025175,17.29014797,12.46995197,49.57386623,4.270649488,1.361675068,3.579032976,286.4414637,111.9286825,112.1749086,562.1531912,47.78677134,37.75305587,5.413990423,1215.694081,439.3430409,479.2316766,2315.832503,189.4235023,111.1235878,23.46902907,1685.247342,759.1908051,642.7258378,2677.538712,290.4323273,192.3312687,35.96142668,19,19
NWT,20,7,12,,,,,,,,,,,,,,,,,,7,4.9497145123,56.743787269,10.883429082,29.792029063,,,,,,,,,,,,,,,,,,,,,,,,,,,,,,,,,,,,,20,20
NWT,20,7,12,,,,,,,,,,,,,,,,,,9,5.7449135159,55.153852574,11.798179117,28.943448385,UBB,YES,UNBUR,2004,09/05/2013,NWT20,52,4.41,34.83108339,16.62840312,14.14306084,45.64672769,0.215279398,0.832254651,9.673284239,212.511395,86.35428177,128.7845304,470.547767,40.52313536,69.45775783,10.69016008,756.1160221,251.7034991,294.4576427,1675.33011,33.9057389,70.32228361,33.0932925,802.325046,310.4364641,377.5906998,1651.145948,77.2320442,73.12937385,36.92892039,20,20
NWT,21,7,12,,,,,,,,,,,,,,,,,,7,5.4826738442,53.386553101,9.9577184683,28.720828214,,,,,,,,,,,,,,,,,,,,,,,,,,,,,,,,,,,,,21,21
NWT,21,7,12,,,,,,,,,,,,,,,,,,9,5.3782329103,44.995037606,11.713035075,27.965728442,UBB,YES,UNBUR,2004,09/05/2013,NWT21,53,4.49,18.12538367,6.004719153,9.71009822,39.55687922,0.968373619,2.529660934,0.494006614,125.7396971,46.95912937,71.73949236,386.9424809,31.66310726,23.3895333,2.326890402,270.0072325,141.98881,208.3388373,1151.445551,31.41471119,32.23601083,3.907516552,556.7168395,238.8501638,385.9179858,1415.877047,154.580786,148.1233624,9.37452741,21,21
NWT,22,7,12,,,,,,,,,,,,,,,,,,7,7.1600117172,60.422022217,10.255152702,24.955446244,,,,,,,,,,,,,,,,,,,,,,,,,,,,,,,,,,,,,22,22
NWT,22,7,12,,,,,,,,,,,,,,,,,,9,7.9752993454,68.831562108,11.042187626,23.787420591,UBN,NO,UNBUR,0,09/05/2013,NWT22,54,4.37,30.07892441,27.39279397,17.61865441,37.94511442,2.425375607,2.040972996,1.569349304,277.3339404,184.2379185,146.4011609,348.6078324,45.49140861,21.7334446,1.565865108,910.6839855,516.055404,443.5496175,1093.708301,133.6753728,68.49055891,3.743451466,1190.5704,726.5333666,558.7141482,1331.639911,177.8827843,95.24026654,5.555527276,22,22
NWT,23,7,12,,,,,,,,,,,,,,,,,,7,4.081811683,52.482317737,10.447045708,29.355754694,,,,,,,,,,,,,,,,,,,,,,,,,,,,,,,,,,,,,23,23
NWT,23,7,12,,,,,,,,,,,,,,,,,,9,4.3273741993,47.751088258,11.960539625,29.372774442,UBB,YES,UNBUR,2011,09/05/2013,NWT23,55,4.59,39.58846528,17.37158556,15.42563391,54.45955704,3.814549717,1.760888567,5.867353385,94.37056452,39.55913978,41.65067204,286.5259409,21.63172043,18.07943548,7.636377947,455.6989247,137.6532258,108.3053763,913.844086,137.1112661,27.23093961,21.10242875,582.1204301,159.6973118,139.9107527,978.3827957,113.7725688,20.99762294,24.08270938,23,23
NWT,24,7,12,,,,,,,,,,,,,,,,,,7,4.3755947672,53.01475604,9.6541301095,29.510219892,,,,,,,,,,,,,,,,,,,,,,,,,,,,,,,,,,,,,24,24
NWT,24,7,12,,,,,,,,,,,,,,,,,,9,5.1806965473,43.095566758,11.408895684,29.305214088,UBB,YES,UNBUR,2011,09/05/2013,NWT24,56,4.73,38.31288272,28.12405361,14.03688989,50.61700135,10.59262266,8.078639828,5.586166805,300.5188155,136.9367796,92.35290981,569.6397362,68.92858346,29.58606849,7.557108749,1507.497418,693.2108907,397.6243638,2460.518076,470.8739147,173.993226,28.45332897,1263.615826,598.5138032,393.66238,2265.87616,262.2550524,117.9473594,37.9769829,24,24
NoP,1,,,,,,,,,,,,,,,,,,,,9,,,,,,,,,09/22/2012,NoPlotN1,139,5.35,211.5689223,115.6516999,78.72976493,305.8689723,30.80265709,18.83138126,4.471660085,98.42987781,29.25388336,20.72351025,177.4913307,1.28884913,6.927140351,3.831702537,436.4602349,117.2821076,121.9027264,799.6230985,26.75584635,4.250726329,20.12351521,569.7473147,221.423746,178.1498741,954.2361111,45.84023281,27.93148695,29.19409055,1,1
NoP,1,,,,,,,,,,,,,,,,,,,,9,,,,,,,,,09/22/2012,NoPlotN2,140,4.66,33.32306026,14.89460179,6.972001922,44.5475014,3.879368219,2.560450905,1.383749284,188.8395744,63.69375381,42.85231086,320.7867984,24.43994051,20.45626144,1.988361178,825.8985662,328.8131483,329.9791031,1315.793929,201.3354179,110.1966138,3.374283767,734.1767846,267.6005186,198.6148566,1186.372941,129.4800062,74.16063443,5.948638715,1,1
SPR,37,7,12,320,15.7,2009,18,11.625,30,1,1,1,21.25,27,731.9568041,4.465483273,207.5875667,48.0290405,524.3692375,-43.56355722,8,5.4954879681,66.117691359,14.6027925,27.91794761,LLB,YES,LIGHT,2009,08/23/2013,SPR037,75,7.32,18.9431678,1.904413419,5.142364312,14.41960295,2.222439236,2.048165027,20.75134425,44.06779106,6.676571011,17.4328891,22.40767078,7.195935798,6.166317887,37.94089457,134.9197025,27.98191685,52.77116425,97.16463801,29.80424944,29.9864827,134.6817738,173.2007223,28.67440324,59.67965872,121.6855289,31.17309324,37.07898725,118.2882744,37,37
SPR,38,7,12,328,13.8,2009,18.95,12.95,78.75,2.25,2.625,0.1,41.25,58.04416404,1530.921857,7.443654831,293.1147241,23.85016774,1237.807133,-16.40651291,8,2.6322317719,72.096059799,13.987889765,27.12893343,LLB,YES,LIGHT,2009,08/23/2013,SPR038,76,5.21,22.86376424,9.35769947,14.93425102,43.04356626,2.487450263,2.494180735,3.048386745,189.9573217,67.8160091,122.9131259,388.185129,33.2866085,55.52023911,4.403281134,927.9317147,304.6221548,456.2329287,1404.877845,142.516692,49.18892261,16.42467849,1137.075873,373.5872534,568.8634294,1570.356601,139.8930197,33.47188295,22.39346619,38,38
SPR,39,7,12,330,13.5,0,22.33333333,11.23333333,28.33333333,1.125,0.875,0.65,13.75,5.702647658,922.8977964,0.919538647,172.1083951,17.75579371,750.7894013,-16.83625506,8,3.4182148378,71.656667075,14.851062298,23.886415005,LBN,NO,LIGHT,0,08/23/2013,SPR039,77,5.48,34.35045974,9.143899889,21.26416641,60.18606031,4.673217705,2.640068269,3.644388368,66.29499892,19.8833225,50.05936823,104.0331762,23.70062852,11.06486238,12.69453484,211.1578674,55.95296922,89.19735587,265.8564803,54.21343736,61.26820546,46.81714974,306.3489163,75.18446034,160.6148028,320.4584525,78.47024274,77.50383615,60.13246554,39,39
SPR,40,7,11,325,13.3,0,22.9,11.36666667,0.1,1.125,1.5,0.1,16.25,3.024193548,445.3322706,1.701763608,151.4152137,16.26186927,293.9170569,-14.56010566,8,2.6252379416,72.106313534,15.815403589,22.435592305,LBN,NO,LIGHT,0,08/23/2013,SPR040,78,5.08,54.19192498,24.48258899,25.07449913,65.28644586,9.047393732,5.351749638,1.076027534,146.8503174,38.33404569,73.382511,182.6766772,36.25966057,2.72955514,2.154801994,630.7904919,191.1937113,275.8977704,648.4227654,141.4084683,20.40142254,8.821313426,877.815187,259.3026895,323.6086283,753.0063487,125.1591182,140.6412665,13.96826556,40,40
SPR,41,7,12,320,15.6,2009,30.93333333,13.3,2.833333333,1.75,1.025,0.55,22.5,12.58426966,1211.081078,11.74227554,370.8388889,35.76125127,840.2421892,-24.01897573,8,3.1357446712,66.10703977,15.510916475,26.3808616,LLB,YES,LIGHT,2009,08/23/2013,SPR041,79,5.87,11.24920924,5.060995873,6.639565802,19.96423072,2.466679932,3.110907479,4.138110995,79.28709911,6.364243315,41.22091877,138.9998686,47.29516504,53.6445601,3.556568967,420.5520505,63.97988959,234.8799947,607.5876709,129.2037329,114.8863039,19.49763318,581.2254206,156.7022871,311.6941377,714.1729758,179.2011041,57.84384858,23.78575457,41,41
SPR,42,7,12,320,19.2,0,28.26666667,15.43333333,0.1,1.025,1.375,0.2,4.5,8.207343413,1262.200419,28.37127904,373.2240031,35.74293228,888.9764163,-7.371653249,8,3.7205371261,65.734505972,15.570766688,27.048273088,LBN,NO,LIGHT,0,08/23/2013,SPR042,80,5.06,41.51107648,19.39807084,27.91175625,51.01099481,7.016688853,2.970757407,2.17257254,287.4470167,77.39112286,226.6252681,385.7132161,15.76208348,62.96082782,3.156591006,1338.165594,433.5185355,822.5058977,1397.152497,94.54771752,380.4582254,11.95022137,1509.146063,563.9964767,903.5109528,1455.595741,140.2149969,40.14795587,14.87483843,42,42
SPR,43,7,12,320,15.2,2009,25,11.63333333,170,1.875,1.5,0.525,62.5,21.34292566,1099.168527,10.17983175,323.2375487,32.43778763,775.9309786,-22.25795588,8,3.3037867943,72.343522389,14.663234235,25.014658292,LLB,YES,LIGHT,2009,08/23/2013,SPR043,81,6.92,79.83096662,12.80669004,41.96938361,98.93618971,12.21106996,10.32493971,27.14062064,77.66541561,14.530373,50.78369825,96.04640641,16.53417074,14.81689803,34.83208404,267.1638377,51.86347752,148.4773562,268.5819099,55.34700282,51.00030311,105.5763718,353.4504511,63.54715972,190.1563492,356.6256998,73.2886995,70.452555,116.6147501,43,43
SPR,44,7,12,315,14.7,0,19.625,11.55,77.5,1.125,1.125,0.325,8.75,3.711340206,1085.48374,22.78001445,274.6645254,47.22752681,810.8192141,-24.44751236,8,2.3958211938,50.474112193,15.738857508,25.682652157,LBN,NO,LIGHT,0,08/23/2013,SPR044,82,4.66,22.32465796,7.970645421,8.795706478,40.49137502,2.395077536,0.804847232,1.213866975,134.8429199,45.856413,61.5138629,222.1071073,23.10091916,6.774978741,1.741763265,674.6520466,335.198533,382.1708826,965.4630826,244.5940896,165.2630101,6.903725081,658.1595327,275.4914574,341.2527469,1032.059436,126.0589128,78.23625663,6.677287051,44,44
SPR,45,7,12,315,13.1,2008,35.95,17.75,165,2.25,1.75,0.2,21.25,14.9321267,667.0285022,36.78930931,222.0041839,16.57326242,445.0243183,20.21604689,8,3.1798520286,68.400912921,14.742820975,23.58128945,LLB,YES,LIGHT,2008,08/23/2013,SPR045,83,4.53,32.01967075,9.9115084,12.73818964,54.61847465,4.16294681,3.957902575,0.552383174,121.5862319,30.30123566,46.81548676,159.9799631,19.30441869,17.4018552,1.631602513,376.3006554,99.28741125,132.9247338,456.5127321,55.90896368,37.18773894,5.063936695,559.5555707,157.4297515,198.3729178,618.9155516,85.43674904,70.61296437,8.149941515,45,45
SPR,46,7,12,325,18,0,28.2,13.9,11.5,0.5,1,1,3,15.78947368,547.3950674,36.07256994,189.6435856,32.96821271,357.7514818,3.104357229,8,4.6600866913,70.501125972,15.41217518,25.08536625,LBN,NO,LIGHT,0,08/23/2013,SPR046,84,6.82,39.79789366,4.316064543,28.31891561,18.90848975,3.978385077,3.797864608,9.492783077,40.39880543,4.003475701,33.67530496,22.54715427,8.249154559,6.681957665,17.59049105,160.2435301,16.43182198,110.4639911,71.96408546,24.82819806,17.8375501,53.6384986,205.7815541,21.02893287,139.3389203,83.98947971,34.32636106,32.65468437,64.27721402,46,46
SPR,47,7,12,330,17.1,2009,25.5,13.05,10,1.875,1.375,0.575,27.5,32.62599469,935.5679377,15.77198377,344.3808403,22.55213468,591.1870974,-6.780150901,8,3.8651632865,72.797509512,14.271729228,24.602895419,LLB,YES,LIGHT,2009,08/23/2013,SPR047,85,5.48,9.750023579,0.974233433,5.001845103,44.13551197,0.335614073,2.788225849,3.878096138,56.25514633,5.560340447,33.4429624,250.3910994,7.086255081,42.01705109,40460090.03,332.3291471,71.12253147,160.5388484,1027.813102,104.4135707,62.15955937,13.69050835,487.4739262,173.9833066,224.7734819,1255.515274,407.8741977,80.93911997,22.84613577,47,47
SPR,48,7,12,320,10.4,0,27.5,15.8,5,0.1,0.625,0.65,4.5,3.25203252,189.6048272,11.94821712,173.5457949,42.19194457,16.0590323,-30.24372745,8,3.7724347511,68.853837332,15.32841325,23.349117438,LBN,NO,LIGHT,0,08/23/2013,SPR048,86,6.97,12.69072952,1.848472413,6.685915736,6.25608054,1.458668994,1.878844972,3.449225916,18.30575745,2.948014163,9.904294951,11.90610107,4.196782635,3.284221059,6.575623898,71.41429474,10.51126847,30.42752463,47.62440429,14.41767241,26.45708128,17.49131185,97.56558931,18.61225369,42.12283512,55.11055778,20.66151478,19.15658867,21.05211925,48,48
SPR,49,7,12,320,1.5,2010,22.3,9.166666667,0.1,2.875,2.875,0.1,45,14.54545455,526.5328744,13.26565321,290.718945,19.99223771,235.8139294,-6.726584503,8,4.1083267531,73.474152248,14.195119858,26.758211931,LLB,YES,LIGHT,2010,08/23/2013,SPR049,87,4.81,87.29305786,40.72168855,44.41008025,116.4638969,11.80035835,8.806252146,1.31060165,56.36164505,14.64706625,31.34052616,86.60821102,3.738468684,1.081246201,2.568614512,249.2471567,85.94875679,136.448698,351.4167255,32.39745965,38.78376552,9.515046128,623.9167692,222.2537303,315.4175348,419.5128194,38.09332412,1.201430587,12.7728132,49,49
SPR,50,7,12,320,3,2010,20,9,28.75,2.375,1.875,0.675,36.25,17.86542923,1881.96895,74.0559094,1189.189934,134.9030378,692.7790167,-60.84712844,8,4.594374756,72.441556932,14.20136881,28.838187536,LLB,YES,LIGHT,2010,08/23/2013,SPR050,88,6.27,101.8968703,28.67854449,99.75226244,84.82956259,13.9255279,6.895456259,,130.995292,37.60965238,131.8149177,93.59525529,21.79309191,11.82467145,41.56251087,510.719477,95.05849584,526.4917333,275.4647541,87.23143978,47.26665609,190.3246424,887.3928581,187.713118,966.3427481,473.681257,163.4640122,61.94857188,226.586858,50,50
SPR,51,7,12,320,3.7,2008,21.5,9.966666667,53.33333333,1.275,0.75,1.275,68.75,24.6882793,1413.908206,70.65935484,474.8556037,80.93665616,939.052602,-10.27730132,8,3.5797205369,66.273422558,14.59150934,28.937160493,LLB,YES,LIGHT,2008,08/23/2013,SPR051,89,6.46,35.87454646,9.221458497,31.67758483,30.19920995,7.818942947,4.698125327,7.548268854,49.41874547,12.59463283,45.39303015,37.3248257,13.47246242,14.61867304,18.19539474,190.7418055,53.75565918,144.9604763,117.3619612,57.75900942,42.90705876,58.76539075,222.4331311,60.26389895,173.2075788,128.4997736,61.71762948,73.23789074,63.17695375,51,51
SPR,52,7,12,320,15.2,2009,25.15,12.85,5.05,1.5,2.5,0.1,16.25,8.158995816,302.4205414,13.1114921,163.0989033,16.90282937,139.321638,-3.791337271,8,8.7760444878,60.884427705,15.501212835,28.753054937,LLB,YES,LIGHT,2009,08/23/2013,SPR052,90,4.93,19.68051248,7.7385198,9.260665156,26.33763717,3.882762802,3.239275207,1.027789003,173.9442768,61.52730193,88.07487347,233.8971919,26.73357504,28.58475277,1.963354803,585.5478879,201.1760755,304.000584,720.0107066,95.32236714,89.93712283,6.229346056,979.1755889,271.0159626,406.1519369,1011.823632,155.7380767,113.4975667,8.862186298,52,52
SPR,53,7,12,315,7.7,0,20,10.83333333,23.33333333,1.375,1.125,0.1,25,3.012048193,2298.668285,35.0477704,582.0101466,37.27087201,1716.658139,-2.223101605,8,1.2915505867,44.119108201,15.80916834,27.333903632,LBN,NO,LIGHT,0,08/23/2013,SPR053,91,4.67,55.25673022,26.27547486,16.08406527,76.32742431,5.765941874,4.942302199,0.941023438,180.1641562,12.34469369,20.27645933,169.7276225,19.96336331,14.64073111,0.713176641,429.129449,157.3621105,153.7441121,544.7662428,103.2312888,69.47773082,2.226553855,533.6339402,226.7998483,193.1246328,682.5284882,109.3540553,84.02806675,3.030224087,53,53
SPR,54,7,12,315,1.8,0,7.813333333,10.16666667,41.66666667,0.1,0.325,1,0.5,1.619433198,471.5851506,56.1950908,229.1577016,45.12714488,242.427449,11.06794592,8,3.5686856707,46.614974658,15.779046535,27.384517829,LBN,NO,LIGHT,0,08/23/2013,SPR054,92,7.38,7.973316068,0.89516642,3.340405815,7.842702759,1.17176272,1.510066856,5.716392997,18.30634135,4.467487396,8.020319543,25.65838377,4.553845641,4.092368772,16.2442952,75.43539819,16.40725682,30.51603499,60.460216,16.86603499,19.45138493,54.08695791,82.67841232,12.76401839,26.27908363,62.37557775,13.66538256,18.89545374,57.60785705,54,54
SPR,55,7,12,315,10.7,0,17.63333333,10.26666667,0.1,0.625,1.875,0.1,13.75,5.954825462,570.0572421,12.75971204,100.7308571,34.41212735,469.326385,-21.65241531,8,1.4135590892,52.903871535,17.264527323,28.090731778,LBN,NO,LIGHT,0,08/23/2013,SPR055,93,5.31,14.57399214,6.61759019,7.71537012,22.27346688,2.396643044,2.173082997,1.448445503,65.73269159,20.14839631,31.12866743,91.77426028,7.677342496,6.395292348,1.825352946,255.6619193,52.99660646,98.82730333,334.818432,53.55101005,22.46699438,5.703878748,385.7003616,94.761677,121.927453,357.0561761,47.82217294,32.29887238,10.93539602,55,55
SPR,56,7,12,320,20.5,0,24.2,11.375,15.025,1.325,0.75,0.775,2.5,2.620967742,742.582069,105.3477559,329.7117899,76.48773391,412.8702791,28.86002202,8,3.2053309581,59.494403203,16.095099927,25.212329547,LBN,NO,LIGHT,0,08/23/2013,SPR056,94,6.09,38.38497045,8.947733542,40.88941599,27.96311639,5.455112201,2.862651,2.975802779,53.99851658,18.23982116,63.69761939,43.77513794,15.0170668,13.9993549,10.48314201,210.9363466,56.79925323,187.128056,127.7923682,53.46855974,61.91865249,43.8026806,276.2549467,58.15620244,242.1461782,155.3014293,74.87134941,77.64718468,49.40389838,56,56
Tes,1,,,,,,,,,,,,,,,,,,,,,,,,,,,,,,TestOrga,126,5.12,63.13640528,29.62144351,26.65874332,83.91269084,7.489979626,4.228205599,0.747529124,163.445173,50.07167753,56.22809679,208.9679915,26.87671765,0.735890635,1.598976017,589.2683551,152.0758776,184.1586259,701.1244233,85.65591775,25.65000798,5.959758219,811.7665496,235.3176028,225.6060682,887.2043631,111.8423771,39.17928786,9.587093343,1,1
Tes,1,,,,,,,,,,,,,,,,,,,,,,,,,,,,,,TestMine,127,5,18.25285348,6.911109802,6.020694514,20.57045923,4.088303888,6.020694514,0.195896271,48.76096539,15.67260739,18.15031382,44.02509614,15.45306378,15.64124401,0.300314326,160.5441518,53.40687128,57.42138296,151.13514,58.67591786,65.8267668,0.830200119,204.3274198,57.29592947,72.0994413,183.627594,56.16684806,67.33220868,1.661045555,1,1
UMC,1,,,336,12.1,2008,22.375,11.625,50.75,3.75,2.25,0.1,55,18.69158879,498.287624,43.91581455,188.3499374,20.27114664,309.9376867,23.64466791,7,,,,,LLB,YES,LIGHT,2008,07/08/2013,UMCRG001,1,5.74,54.39420283,21.41964175,39.54457993,79.98594368,16.94566796,8.402363069,0.906092312,72.71234111,18.60137186,49.31167716,93.68463426,7.814108857,3.724216147,1.871981436,268.3808024,42.47442686,147.3056691,319.4992339,35.59672973,18.30232627,6.747852699,401.5242027,49.87648962,185.7671377,326.1711213,50.46518556,23.37713192,8.14877426,1,1
UMC,1,7,12,336,12.1,2008,22.375,11.625,50.75,3.75,2.25,0.1,55,18.69158879,498.287624,43.91581455,188.3499374,20.27114664,309.9376867,23.64466791,8,2.7206183969,76.1950626,13.459151505,20.952474276,LLB,YES,LIGHT,2008,08/10/2013,UMC001,165,5.22,13.63912581,3.901129066,7.376213846,29.39894012,1.270548239,1.596225947,1.499489919,152.8378751,29.67354898,93.06695215,309.3388095,33.3449816,37.26117639,3.497606637,678.9058607,139.4500283,435.7101642,1180.766223,152.1776614,49.76916761,14.44156131,751.4174381,225.9634502,478.2139128,1286.025677,159.8494177,43.89557596,21.6652544,1,1
UMC,2,,,326,12,0,16.5,11.325,74,0.9,0.9,1.5,1,6.029106029,1005.106062,87.23451366,579.0183744,107.9348253,426.0876874,-20.70031163,7,,,,,LBN,NO,LIGHT,0,07/08/2013,UMCRG002,2,6.09,37.48788551,9.574789689,39.05562411,42.69326757,5.410484038,4.718474423,4.960827369,29.5860069,4.256021242,44.55088039,43.45379918,18.30664063,7.26426423,12.81738433,165.038547,30.13006079,136.3773001,152.4221129,52.2448842,62.73572335,56.76304233,215.5728506,52.99912754,180.1234137,178.134954,64.38134518,77.34061707,62.67088455,2,2
UMC,2,7,12,326,12,0,16.5,11.325,74,0.9,0.9,1.5,1,6.029106029,1005.106062,87.23451366,579.0183744,107.9348253,426.0876874,-20.70031163,8,1.9230623008,64.602293323,14.184587148,20.604602974,LBN,NO,LIGHT,0,08/10/2013,UMC002,166,6.26,16.47747702,1.683042209,18.95926145,10.89021364,1.318948513,0.730797156,4.741157087,38.97928609,3.390372365,35.83117557,25.73346257,2.265516728,1.247399217,7.714434094,126.5574074,8.83216941,107.3462963,77.64714043,11.22967194,2.310056637,29.76580029,176.5538149,18.58639202,148.6875213,94.07501636,17.96238451,13.59433196,44.03642836,2,2
UMC,3,,,330,13,2008,18.75,10.625,188.5,2.375,2,0.775,23,38.56749311,737.5851161,332.427452,180.9420844,35.97034799,556.6430317,296.457104,7,,,,,LLB,YES,LIGHT,2008,07/08/2013,UMCRG003,3,4.69,18.08869074,2.90715257,3.714527819,23.94937001,4.942735969,4.398349442,0.33410933,102.0974129,50.29955245,47.90888196,160.7736937,16.87210727,5.448380223,0.886283581,517.6055453,170.6647341,311.0851688,736.5406317,276.8608335,77.88994275,3.900295308,557.0306375,165.2962109,257.2321706,757.8469581,90.87157356,45.92711904,3.300174648,3,3
UMC,3,7,12,330,13,2008,18.75,10.625,188.5,2.375,2,0.775,23,38.56749311,737.5851161,332.427452,180.9420844,35.97034799,556.6430317,296.457104,8,2.1673453192,70.712351384,13.641910933,20.828331471,LLB,YES,LIGHT,2008,08/10/2013,UMC003,167,4.6,12.37382454,3.691850878,4.301436263,31.18784618,1.052222586,0.384004043,1.042493908,45.17789896,13.44965537,16.92672316,99.08647016,5.835375,1.79725,2.244041673,191.9840253,42.52733333,35.09566667,359.5562601,6.978209469,36.2766195,8.387659479,217.7255433,92.99975673,105.6742296,382.1572008,15.53066667,23.3706393,9.028093798,3,3
UMC,4,,,318,10.6,0,19,10.73333333,266,1,1,1,1.25,3.490759754,1014.144951,52.76946993,179.1203482,43.54618653,835.0246028,9.223283404,7,,,,,LBN,NO,LIGHT,0,07/08/2013,UMCRG004,4,6.19,29.979355,3.669184083,19.46299093,34.10372147,3.155564348,1.719997189,5.174435599,58.5945488,14.21879077,29.72334971,60.47219922,8.811984272,6.661679211,9.774673103,224.0131153,30.5662368,86.92287575,200.0384138,31.33053097,21.99809683,43.39031703,394.6291522,71.4760882,162.7891292,337.2091053,55.18455446,42.83516962,82.7919445,4,4
UMC,4,7,12,318,10.6,0,19,10.73333333,266,1,1,1,1.25,3.490759754,1014.144951,52.76946993,179.1203482,43.54618653,835.0246028,9.223283404,8,2.77849466,63.415492563,14.350856833,21.208518029,LBN,NO,LIGHT,0,08/10/2013,UMC004,168,6.25,56.24713168,11.98911141,52.13840097,56.16866633,4.513504153,2.44843898,5.573652702,38.48915852,3.061995636,34.6313897,34.11579291,0.397150856,28.94938896,11.48002432,133.3695909,12.15431489,102.9493805,105.0670101,7.171195652,1.292930331,58.24113835,200.1209607,26.03586133,138.2309321,146.6462082,14.4585392,5.279109025,72.40971381,4,4
UMC,5,,,350,9.2,2009,20.5,11.8,11.8,0.05,0.3,1.75,1.25,13.81578947,409.0071109,156.051611,108.8720581,38.33857804,300.1350528,117.7130329,7,,,,,MBB,YES,MOD,2009,07/08/2013,UMCRG005,5,5.83,28.65096604,4.310994499,24.90747261,52.07080336,3.879984259,1.281850635,4.661433945,47.1481232,23.83173315,47.32358098,85.24195776,30.3626618,21.57027726,13.93061674,164.1063842,28.2614618,124.8818217,220.6427814,55.63448268,50.01983357,56.3150122,218.3033443,36.47689927,148.7440804,278.1149535,61.95096293,63.43260644,65.29831504,5,5
UMC,5,7,12,350,9.2,2009,20.5,11.8,11.8,0.05,0.3,1.75,1.25,13.81578947,409.0071109,156.051611,108.8720581,38.33857804,300.1350528,117.7130329,8,2.1465770957,79.840312797,14.203101303,20.441281637,MBB,YES,MOD,2009,08/10/2013,UMC005,169,6.46,13.04138406,3.338647147,10.38510354,12.02463725,3.296184403,2.378517333,2.771104163,32.18019496,1.308225183,15.30594335,18.07634287,5.278939693,4.172160074,4.729095699,137.7035904,24.52895451,79.39927326,79.77705501,38.61545284,26.63141694,16.93470556,160.5383985,27.09465074,81.79189103,94.09078586,30.70024207,24.49314813,21.75937725,5,5
UMC,6,,,342,9.5,2008,16.66666667,11.06666667,11.06666667,0.4,0.1,1.275,0.25,7.531380753,444.5852086,172.1007837,261.1238226,41.24755205,183.461386,130.8532317,7,,,,,MBN,NO,MOD,2008,07/08/2013,UMCRG006,6,6.41,138.7669333,22.73947119,42.17727024,62.65175189,6.816674143,2.66994368,0.743846558,130.4535537,6.233130629,29.97167293,43.19907987,20.50879116,15.99651784,1.432292126,533.262497,35.93949988,111.9450907,127.3126044,31.28866438,24.00235542,5.431715619,552.7555178,36.86966698,120.7117931,142.9895311,35.16436063,18.42135281,6.48723409,6,6
UMC,6,7,12,342,9.5,2008,16.66666667,11.06666667,11.06666667,0.4,0.1,1.275,0.25,7.531380753,444.5852086,172.1007837,261.1238226,41.24755205,183.461386,130.8532317,8,1.9084685984,68.903166742,15.126688053,21.22016716,MBN,NO,MOD,2008,08/10/2013,UMC006,170,5.62,11.52496898,2.429790673,5.903492841,6.725338615,1.267210705,0.144191635,1.815421459,74.45233982,12.21935683,34.21816611,33.13025766,11.07485611,18.52646958,3.245516996,234.0837386,20.98380545,113.7131217,106.1899582,18.6695924,14.42686847,11.08046756,268.9705657,52.61138387,127.2843187,122.5639024,30.69064354,14.29830107,15.17116739,6,6
UMC,7,,,10,10.8,2008,24.25,10.45,10.45,0.175,0.075,2.625,0.5,4.320987654,419.8521818,180.2077132,224.5621124,99.82403565,195.2900694,80.38367756,7,,,,,SBB,YES,SEVER,2008,07/08/2013,UMCRG007,7,6.12,9.332920445,1.237474084,8.401787088,8.937744485,1.53270477,1.97770788,2.093381896,48.74366317,23.88112357,42.65971545,54.56423653,24.51322203,46.10991957,7.628467603,103.9524738,24.67495961,67.3961126,119.6495857,23.74491873,52.43644894,37.70908932,133.7664514,12.61424567,88.99281014,116.4890933,22.83317085,64.44631977,42.90941677,7,7
UMC,7,7,12,10,10.8,2008,24.25,10.45,10.45,0.175,0.075,2.625,0.5,4.320987654,419.8521818,180.2077132,224.5621124,99.82403565,195.2900694,80.38367756,8,2.0552911598,72.212096906,15.82907982,20.75598971,SBB,YES,SEVER,2008,08/10/2013,UMC007,171,7.3,8.558469357,2.33604405,4.28099382,13.253315,2.152229506,2.833706778,9.135335915,14.11995871,2.091578362,5.03672878,23.32084563,3.401587771,3.026331715,16.09337722,56.84065394,2.508525772,22.55830783,88.56454529,8.653513029,17.62714521,48.07927284,75.8569478,13.71472828,23.69084957,103.6343803,11.21663382,22.54205125,57.0494427,7,7
UMC,8,,,346,10.7,2008,17.53333333,11.93333333,11.93333333,0.025,0.1,2.75,0.5,9.482758621,518.1761371,204.3596944,157.8357949,50.46182385,360.3403422,153.8978705,7,,,,,SBN,NO,SEVER,2008,07/08/2013,UMCRG008,8,6.81,4.941315726,0.969680771,2.698412445,4.262966386,0.544675624,0.32228921,2.766054599,51.05134234,15.33913304,37.24106532,49.61196135,20.27971101,12.38256669,3.409273102,188.0220588,49.84148427,151.1427839,159.2344391,69.91501368,44.8351132,10.50959795,258.3572161,72.71597127,182.1089261,201.4044118,102.2816347,75.0501026,14.94268782,8,8
UMC,8,7,12,346,10.7,2008,17.53333333,11.93333333,11.93333333,0.025,0.1,2.75,0.5,9.482758621,518.1761371,204.3596944,157.8357949,50.46182385,360.3403422,153.8978705,8,1.9281108496,69.46853144,15.152190828,20.660866737,SBN,NO,SEVER,2008,08/10/2013,UMC008,172,7.17,28.66472446,5.379784481,20.29688641,13.13044579,2.593501132,6.880782284,5.158180298,25.88109507,5.157528409,21.75639917,20.7682852,8.570028409,5.5453125,9.606677796,113.2060841,18.56193182,67.11827314,79.19320708,27.04147727,29.575,34.32204861,144.8619919,36.04254226,83.68957888,95.61946856,39.70490961,43.87493184,41.53107783,8,8
UMC,9,,,145,13.4,0,17.83333333,8.233333333,0,1.75,3.25,0,10.5,6.779661017,543.0388333,212.3955663,157.810676,14.96945977,385.2281573,197.4261065,7,,,,,UBN,NO,UNBUR,0,07/08/2013,UMCRG009,9,4.98,58.29341545,23.38886354,30.3148824,82.95424017,10.49742751,8.059598033,0.992837485,229.1265229,83.55076083,146.8723796,334.0229419,48.43604493,41.14446459,1.334673779,876.3384384,289.6860264,451.6358637,1106.343026,113.1530285,79.38149847,5.83143064,1250.383718,423.492922,640.7052629,1578.121066,191.4415754,127.9920341,10.45465727,9,9
UMC,9,7,12,145,13.4,0,17.83333333,8.233333333,0,1.75,3.25,0,10.5,6.779661017,543.0388333,212.3955663,157.810676,14.96945977,385.2281573,197.4261065,8,1.7218004117,55.526683488,14.062813518,23.478222529,UBN,NO,UNBUR,0,08/10/2013,UMC009,173,4.72,45.94454848,17.35212721,20.75598688,66.69274545,7.58956797,5.040294341,0.319261436,119.7942248,35.40619479,56.15317653,130.1889294,16.35630767,7.677484876,0.791661761,772.2651404,318.8014576,359.5317285,557.2432519,225.4612534,221.5579358,3.972474927,567.1336874,194.0695343,244.6393149,727.6315518,117.0169071,61.05180782,2.210141674,9,9
UMC,10,,,120,9.5,0,17.5,5.7,0,2.875,1.5,0,41.25,6.832298137,407.6789962,146.2919552,74.63469666,10.08769414,333.0442995,136.204261,7,,,,,UBN,NO,UNBUR,0,07/08/2013,UMCRG010,10,5.77,66.0943432,31.91975236,33.62676113,161.5009904,22.07691955,10.58214277,4.107200678,64.22666974,28.47938986,30.05216354,152.3819677,4.335219602,1.458969557,6.39622335,271.2453872,72.95805653,84.54134583,741.9510972,52.02604792,3.955458952,26.79313364,247.0435219,104.8541178,72.22572816,645.5150653,41.59782702,11.21996614,34.66160797,10,10
UMC,10,7,12,120,9.5,0,17.5,5.7,0,2.875,1.5,0,41.25,6.832298137,407.6789962,146.2919552,74.63469666,10.08769414,333.0442995,136.204261,8,2.1284456053,61.52734693,14.716997385,22.631109556,UBN,NO,UNBUR,0,08/10/2013,UMC010,174,6.07,50.08371471,14.81643582,13.59984873,119.7453541,7.156061171,5.767639745,5.350857311,79.0920904,27.72365819,34.55681497,224.9412429,15.18446328,38.07906073,16.27368962,243.5001412,60.39971751,72.74166667,619.2814972,57.9200565,62.42853107,62.84101451,310.6200565,67.10607345,91.50819209,858.3997175,51.77725989,77.41920904,69.70838094,10,10
UMC,11,,,355,3.2,2008,17.33333333,10.96666667,0,3.625,4.75,0,63.75,26.5,506.3101403,190.8684818,136.3931426,6.72941676,369.9169977,184.139065,7,,,,,UBB,YES,UNBUR,2008,07/08/2013,UMCRG011,11,5.43,12.1899364,3.4537341,6.814963605,34.286215,0.90611969,0.409833015,2.032550673,119.1157123,37.59617132,76.88269711,336.3702,22.86372415,0.592017017,2.440502436,533.0354465,160.0098841,366.6570098,1421.500227,146.4560327,121.7055215,12.90920573,713.5570325,247.2259714,435.6048625,1697.095206,217.761077,143.7059759,18.81019819,11,11
UMC,11,7,12,355,3.2,2008,17.33333333,10.96666667,0,3.625,4.75,0,63.75,26.5,506.3101403,190.8684818,136.3931426,6.72941676,369.9169977,184.139065,8,5.3129238883,59.221493719,13.13957596,26.452219168,UBB,YES,UNBUR,2008,08/10/2013,UMC011,175,5.3,17.09944046,5.247284369,10.21019885,38.58834854,3.714920566,1.532773115,2.635300625,39.11736111,4.94924569,25.80590278,114.2600694,2.79163383,0.862171724,3.568626041,166.8694444,42.32590844,101.4361111,401.3569444,24.98954743,20.49706849,14.88869137,226.5069444,72.94444444,130.5236111,518.1402778,46.89027778,30.85445402,26.02457242,11,11
UMC,12,,,310,9.2,2009,21.75,11.5,0,6,4.125,0.025,55,28.86597938,687.9432324,276.1713243,179.6742619,16.68502643,508.2689705,259.4862979,7,,,,,UBB,YES,UNBUR,2009,07/08/2013,UMCRG012,12,5.36,11.35513797,2.969064208,6.720168313,32.8527715,0.574676101,0.222472104,1.993898245,45.93314949,3.34676221,22.82010316,113.9596322,1.662631192,0.920553061,2.398046718,255.0793289,137.918319,161.5976093,705.19175,33.42058176,6.937780818,15.31726587,300.7906544,44.84841312,172.7165803,829.1476867,23.74869307,4.002918218,18.00204036,12,12
UMC,12,7,12,310,9.2,2009,21.75,11.5,0,6,4.125,0.025,55,28.86597938,687.9432324,276.1713243,179.6742619,16.68502643,508.2689705,259.4862979,8,4.4765439233,60.486906688,13.13872695,25.945567768,UBB,YES,UNBUR,2009,08/10/2013,UMC012,176,5.62,47.46973328,14.52020854,21.00689323,115.8784517,7.44152532,5.77178589,4.19623086,63.13190849,13.39271443,26.9604767,209.7221269,14.42141772,10.87333612,7.539742195,184.0771612,51.51345115,85.43285682,665.8439329,32.84996851,8.883229827,31.26503327,273.8801778,87.37905223,128.749606,760.651452,79.76108735,16.15747959,35.82235159,12,12
UMC,13,,,50,7.1,2008,19,13.2,0,4.5,3.875,0,22.25,12.05357143,483.1789399,48.70452645,95.14767524,7.255879739,388.0312647,41.44864671,7,,,,,UBB,YES,UNBUR,2008,07/08/2013,UMCRG013,13,5.32,10.50296619,3.163024041,12.73912266,30.38569074,0.714480294,1.231517313,1.538625589,81.42730797,22.81783755,131.5815064,252.6362536,12.4192385,29.24573098,1.656691304,432.2869036,128.2612216,472.3772662,1077.857228,63.05961355,48.37631202,10.82118449,585.7599089,156.8207818,631.9645477,1445.929652,140.6309674,76.96315803,16.06604931,13,13
UMC,13,7,12,50,7.1,2008,19,13.2,0,4.5,3.875,0,22.25,12.05357143,483.1789399,48.70452645,95.14767524,7.255879739,388.0312647,41.44864671,8,3.0648635428,55.019187609,13.695916175,24.870890935,UBB,YES,UNBUR,2008,08/10/2013,UMC013,177,5.51,34.96911575,12.7569404,25.59293679,89.64750955,6.08074688,4.166412936,1.902138161,47.54765887,24.55872032,47.31825244,160.4759899,14.25957926,7.956939595,4.428328867,179.2274232,44.96429469,161.1646858,483.0098254,20.69209434,23.45609856,16.58438696,234.8645182,442.779183,175.363736,646.3471997,76.93630587,40.66594274,23.09072371,13,13
UMC,14,,,15,7.4,0,16,10.66666667,0,3.25,3.75,0,47.5,15.76576577,472.6841888,46.51946133,191.648972,13.16851911,281.0352168,33.35094221,7,,,,,UBN,NO,UNBUR,0,07/08/2013,UMCRG014,14,5.88,47.77606858,20.94143377,44.50043545,100.1332149,5.423472483,10.27303018,5.179117562,143.3519947,57.84548356,177.7726104,391.4445565,30.07001721,53.84162389,17.9603371,493.6661871,91.10010719,407.887162,1051.271776,42.2152864,43.55689383,56.94562131,702.1184418,116.4229475,637.9728365,1372.754457,61.75244462,81.54115424,77.76878224,14,14
UMC,14,7,12,15,7.4,0,16,10.66666667,0,3.25,3.75,0,47.5,15.76576577,472.6841888,46.51946133,191.648972,13.16851911,281.0352168,33.35094221,8,3.0383405687,59.107872963,13.468324183,24.412957508,UBN,NO,UNBUR,0,08/10/2013,UMC014,178,5.78,62.94795531,23.22618829,44.25034342,142.5214185,8.008240548,6.7048891,5.350505229,122.2137015,45.98171631,100.8233322,323.1679934,13.45190093,15.70611677,14.65019264,503.663523,95.99599353,342.8079463,1162.815978,67.62907309,75.9219547,67.82961369,606.3372954,115.3460506,403.8198611,1274.177531,69.47193567,90.26995622,76.42898298,14,14
UMC,15,,,340,7,2008,15,5.075,5.075,0,0.05,0.625,1,0.785854617,219.5600097,55.46010297,146.4452499,57.52343846,73.11475982,-2.063335489,7,,,,,SBB,YES,SEVER,2008,07/08/2013,UMCRG015,15,5.64,20.24988122,9.428781832,10.75491733,40.72807393,5.695648043,3.22213512,1.341720894,24.66104108,14.25224967,14.55188563,51.43536653,7.269428992,7.021903632,2.30333042,71.70418848,14.74730039,33.14234293,150.6522902,31.16214005,12.5586551,8.470903631,127.7908984,43.66868455,59.09342277,127.2979303,67.0663449,59.71875,10.88409433,15,15
UMC,15,7,12,340,7,2008,15,5.075,5.075,0,0.05,0.625,1,0.785854617,219.5600097,55.46010297,146.4452499,57.52343846,73.11475982,-2.063335489,8,2.6133892735,56.270753226,16.79133892,23.395815373,SBB,YES,SEVER,2008,08/10/2013,UMC015,179,6.84,8.942581875,1.131293403,4.507131847,11.82437144,1.37109375,1.458550347,4.020042593,17.00708164,2.570360514,10.04799989,24.48279433,5.915948749,4.505308933,4.468497454,72.24906388,11.33005926,41.14074846,89.45393376,25.26168788,20.96735075,16.07934887,89.31085792,20.66774583,45.27926786,94.74773987,32.70187665,25.76102941,22.51339675,15,15
UMC,16,,,330,6.7,2008,18.75,6.9,6.9,0,0.05,1.5,0.25,3.95010395,219.7911737,38.72621459,171.0340981,48.73501492,48.75707564,-10.00880033,7,,,,,SBN,NO,SEVER,2008,07/08/2013,UMCRG016,16,6.59,10.87069565,1.710870356,6.613626489,11.02009662,2.09896944,1.103910673,1.738403673,37.74813855,1.816608952,13.74519278,26.33290408,8.312230951,7.819229896,2.810255325,135.51586,4.494970423,47.36436159,74.41574713,9.931306372,11.44285587,10.65616609,151.9868146,10.32913617,49.55923822,79.98735705,15.40274813,10.32913617,11.73389631,16,16
UMC,16,7,12,330,6.7,2008,18.75,6.9,6.9,0,0.05,1.5,0.25,3.95010395,219.7911737,38.72621459,171.0340981,48.73501492,48.75707564,-10.00880033,8,1.5205259025,54.731645584,16.587677955,24.325541178,SBN,NO,SEVER,2008,08/10/2013,UMC016,107,6.19,13.3674648,1.231678401,7.52287889,8.538789223,1.210416066,0.369106856,1.739606189,34.4809556,3.348591404,16.65675185,22.44337873,2.61984313,4.737499878,4.302639621,123.6691026,7.517491308,54.62425477,68.22892217,14.72234586,6.188936568,17.02995095,173.6302703,16.51512293,72.47747872,96.01866087,23.40822425,2.0755267,25.78643939,16,16
UMCz,1,,,336,12.1,2008,22.375,11.625,50.75,3.75,2.25,0.1,55,7.051282051,966.1073763,49.05099508,316.1075686,20.04400157,649.9998076,29.00699351,,,,,,LLB,YES,LIGHT,2008,,,,,,,,,,,,,,,,,,,,,,,,,,,,,,,,,1,1
UMCz,2,,,326,12,0,16.5,11.325,74,0.9,0.9,1.5,1,1.417004049,946.3714539,104.284549,371.9829388,77.66468944,574.3885151,26.61985961,,,,,,LBN,NO,LIGHT,0,,,,,,,,,,,,,,,,,,,,,,,,,,,,,,,,,2,2
UMCz,3,,,330,13,2008,18.75,10.625,188.5,2.375,2,0.775,23,17.37089202,1172.546784,121.913347,325.576511,50.36874189,846.970273,71.54460515,,,,,,LLB,YES,LIGHT,2008,,,,,,,,,,,,,,,,,,,,,,,,,,,,,,,,,3,3
UMCz,4,,,318,10.6,0,19,10.73333333,266,1,1,1,1.25,0.806451613,559.8763566,72.31666529,226.0834235,56.68271017,333.7929331,15.63395512,,,,,,LBN,NO,LIGHT,0,,,,,,,,,,,,,,,,,,,,,,,,,,,,,,,,,4,4
UMCz,5,,,350,9.2,2009,20.5,11.8,11.8,0.05,0.3,1.75,1.25,4.573804574,355.7008368,79.29795626,217.7098359,75.05990252,137.9910009,4.238053735,,,,,,MBB,YES,MOD,2009,,,,,,,,,,,,,,,,,,,,,,,,,,,,,,,,,5,5
UMCz,6,,,342,9.5,2008,16.66666667,11.06666667,11.06666667,0.4,0.1,1.275,0.25,0.200400802,327.2747753,34.40375316,208.6827653,30.30572831,118.59201,4.098024848,,,,,,MBN,NO,MOD,2008,,,,,,,,,,,,,,,,,,,,,,,,,,,,,,,,,6,6
UMCz,7,,,10,10.8,2008,24.25,10.45,10.45,0.175,0.075,2.625,0.5,0.400801603,640.0807067,156.7780668,414.7542171,143.1551289,225.3264897,13.62293798,,,,,,SBB,YES,SEVER,2008,,,,,,,,,,,,,,,,,,,,,,,,,,,,,,,,,7,7
UMCz,8,,,346,10.7,2008,17.53333333,11.93333333,11.93333333,0.025,0.1,2.75,0.5,2.459016393,349.0849981,55.63891321,249.5248856,49.57495408,99.56011244,6.063959129,,,,,,SBN,NO,SEVER,2008,,,,,,,,,,,,,,,,,,,,,,,,,,,,,,,,,8,8
UMCz,9,,,145,13.4,0,17.83333333,8.233333333,0,1.75,3.25,0,10.5,2.040816327,1516.499091,87.26510553,316.3452261,37.91585251,1200.153865,49.34925302,,,,,,UBN,NO,UNBUR,0,,,,,,,,,,,,,,,,,,,,,,,,,,,,,,,,,9,9
UMCz,10,,,120,9.5,0,17.5,5.7,0,2.875,1.5,0,41.25,0.806451613,541.9514531,38.8153613,107.613528,12.67311539,434.337925,26.14224591,,,,,,UBN,NO,UNBUR,0,,,,,,,,,,,,,,,,,,,,,,,,,,,,,,,,,10,10
UMCz,11,,,355,3.2,2008,17.33333333,10.96666667,0,3.625,4.75,0,63.75,12.58426966,1128.205605,78.93528897,290.2834241,22.06733029,837.9221808,56.86795868,,,,,,UBB,YES,UNBUR,2008,,,,,,,,,,,,,,,,,,,,,,,,,,,,,,,,,11,11
UMCz,12,,,310,9.2,2009,21.75,11.5,0,6,4.125,0.025,55,9.649122807,980.2552568,67.53552225,233.2497783,24.67175606,747.0054784,42.86376619,,,,,,UBB,YES,UNBUR,2009,,,,,,,,,,,,,,,,,,,,,,,,,,,,,,,,,12,12
UMCz,13,,,50,7.1,2008,19,13.2,0,4.5,3.875,0,22.25,7.991360691,1487.714867,92.42559562,693.8928146,46.43972387,793.8220524,45.98587175,,,,,,UBB,YES,UNBUR,2008,,,,,,,,,,,,,,,,,,,,,,,,,,,,,,,,,13,13
UMCz,14,,,15,7.4,0,16,10.66666667,0,3.25,3.75,0,47.5,4.821802935,654.9783516,56.78919813,167.6967401,15.46284093,487.2816115,41.3263572,,,,,,UBN,NO,UNBUR,0,,,,,,,,,,,,,,,,,,,,,,,,,,,,,,,,,14,14
UMCz,15,,,340,7,2008,15,5.075,5.075,0,0.05,0.625,1,1.419878296,363.6848518,79.23549489,190.0159827,69.22568574,173.668869,10.00980914,,,,,,SBB,YES,SEVER,2008,,,,,,,,,,,,,,,,,,,,,,,,,,,,,,,,,15,15
UMCz,16,,,330,6.7,2008,18.75,6.9,6.9,0,0.05,1.5,0.25,1.01010101,631.2679033,65.49938933,298.8562098,56.0020472,332.4116934,9.497342126,,,,,,SBN,NO,SEVER,2008,,,,,,,,,,,,,,,,,,,,,,,,,,,,,,,,,16,16
